uuid,level,name,std1,app1,app1(%),app2,app2(%),feat1,feat1(%),feat3,feat3(%),feat6,feat6(%),opt1,opt1(%),opt2,opt2(%),opt3,opt3(%)
00-fa03eb688ad8aa1db593d33dabd89bad,0,Root,38568,39372,2.08,64812,68.05,39348,2.02,38568,0.0,38592,0.06,36960,-4.17,66768,73.12,64224,66.52
01-09498dbadf45966909850dc8a47ebb13,1,WORKSPACE,7789,8041,3.24,,,8025,3.03,7789,0.0,7805,0.21,7789,0.0,,,,
01-60f3b1ff9b396408039047bbde339c46,1,(hidden),5500,6028,9.6,22047,300.85,6024,9.53,5500,0.0,5504,0.07,3900,-29.09,23784,332.44,21743,295.33
01-665b1ea1222d25c5af30f0aec9f1f04e,1,(no paths),11275,11283,0.07,42745,279.11,11279,0.04,11275,0.0,11279,0.04,11267,-0.07,42964,281.06,42461,276.59
01-6666cd76f96956469e7be39d750cc7d9,1,/,0,0,0,0,0,0,0,0,0,0,0,0,0,0,0,0,0
01-bb1836de191ead431509f5d1b910124d,1,ZEPHYR_BASE,14004,14020,0.11,20,-99.86,14020,0.11,14004,0.0,14004,0.0,14004,0.0,20,-99.86,20,-99.86
02-005fe9134a29cd288aeea5cf1e5986ea,2,__isr_table_entry_z_irq_spurious_irq_544,,,,8,,,,,,,,,,8,0,8,0
02-00f1bdab837355c64a5f0d1171a05837,2,__isr_table_entry_z_irq_spurious_irq_634,,,,8,,,,,,,,,,8,0,8,0
02-011c2730d81a163d21ef4677e0d75520,2,__pinctrl_dev_config__device_dts_ord_117,,,,12,,,,,,,,,,12,0,12,0
02-01e8805d904739930a18ac1df3a69c0e,2,__isr_table_entry_z_irq_spurious_irq_765,,,,8,,,,,,,,,,8,0,8,0
02-0247dc05a1aa46ef081fb4d3476e306d,2,__isr_table_entry_z_irq_spurious_irq_724,,,,8,,,,,,,,,,8,0,8,0
02-02572c1c037d2233e79207584ba16776,2,__isr_table_entry_z_irq_spurious_irq_551,,,,8,,,,,,,,,,8,0,8,0
02-02634eff3c24742057ecacbee91c4bbd,2,buttons,,,,32,,,,,,,,,,32,0,32,0
02-038cb18b7052e5590106f5aa9fefc998,2,__isr_table_entry_z_irq_spurious_irq_537,,,,8,,,,,,,,,,8,0,8,0
02-039b82b152daed85aa60790d974b612a,2,net_buf_fixed_hci_rx_pool,,,,4,,,,,,,,,,4,0,4,0
02-03da88b3960003e51bc67c7bb0386999,2,sx_curve_nistp256,,,,12,,,,,,,,,,12,0,12,0
02-042a492975866170ef577577d7c7d916,2,key_pool.lto_priv.0,,,,128,,,,,,,,,,128,0,128,0
02-0465f9d9258d3ff16d4ab276b7ac447a,2,net_buf_fixed_cb,,,,12,,,,,,,,,,12,0,12,0
02-04c078d6acbd56aa06487fd064cc27a9,2,level_cpf,,,,8,,,,,,,,,,8,0,8,0
02-04c5e56a849bfb57dea8ad30f764276a,2,__isr_table_entry_z_irq_spurious_irq_784,,,,8,,,,,,,,,,8,0,8,0
02-04d41be17d5396292cd9b0d1cd79ffd3,2,__isr_table_entry_z_irq_spurious_irq_721,,,,8,,,,,,,,,,8,0,8,0
02-0534570bf1dfac0e94c2e536270fd3a9,2,m_lut.3,,,,,,,,,,,,,,20,,,
02-05533e7a0ea600c6bb6eb9a734919be1,2,gatt_conn_cb.0,36,40,11.11,40,11.11,40,11.11,36,0.0,36,0.0,36,0.0,36,0.0,36,0.0
02-05b67673090ed0a70a90af25b687a078,2,__isr_table_entry_z_irq_spurious_irq_693,,,,8,,,,,,,,,,8,0,8,0
02-05c2e88813a279f6dc7882ca1ec2ea7a,2,__isr_table_entry_z_irq_spurious_irq_640,,,,8,,,,,,,,,,8,0,8,0
02-07635adc1cf8a699e35294d8805d74b8,2,spi_nor_0_data,,,,32,,,,,,,,,,32,0,32,0
02-08ab7a81299f7f9c82673fb4be74aad7,2,__isr_table_entry_z_irq_spurious_irq_770,,,,8,,,,,,,,,,8,0,8,0
02-08d430dcd4a49c69816ff6914197cc5d,2,__isr_table_entry_z_irq_spurious_irq_617,,,,8,,,,,,,,,,8,0,8,0
02-08e042b0c5af36f27dc115efc24c714e,2,lock.lto_priv.1,,,,4,,,,,,,,,,4,0,4,0
02-08eb15ae38f1e2e90839bae4d3526534,2,__isr_table_entry_z_irq_spurious_irq_720,,,,8,,,,,,,,,,8,0,8,0
02-091b775a4b55c011411f48f9cc074841,2,__isr_table_entry_z_irq_spurious_irq_705,,,,8,,,,,,,,,,8,0,8,0
02-093fb9fd7ac90b24c42f02a717915a96,2,bt_smp_pool,,,,768,,,,,,,,,,768,0,768,0
02-0a1fca5018224df01fccd9049c2f4ecf,2,__isr_table_entry_z_irq_spurious_irq_628,,,,8,,,,,,,,,,8,0,8,0
02-0a4338ea3651b750487758d27cb904c1,2,ops.0,40,40,0.0,40,0.0,40,0.0,40,0.0,40,0.0,40,0.0,40,0.0,40,0.0
02-0a9182c80cff8acfa39a44ea86613056,2,conn_tx,,,,24,,,,,,,,,,24,0,24,0
02-0ace0db909023ba85024f09916ecee6c,2,__isr_table_entry_z_irq_spurious_irq_775,,,,8,,,,,,,,,,8,0,8,0
02-0bb404d52f0eeefdd34e968ccd87c99e,2,__isr_table_entry_z_irq_spurious_irq_757,,,,8,,,,,,,,,,8,0,8,0
02-0d24bb48eb167ed47ea80f3769cbb936,2,slice_timeouts,,,,24,,,,,,,,,,24,0,24,0
02-0dff49faf0f543995117aa5f1f7c8fae,2,mbedtls_threading_psa_globaldata_mutex,,,,20,,,,,,,,,,20,0,20,0
02-0eae323390b4fd1875d91a9d2640361e,2,ba411tags,,,,16,,,,,,,,,,16,0,16,0
02-0eb9b3af2e4a00837a1b1a854c9ea18c,2,modules,1808,1808,0.0,,,1808,0.0,1808,0.0,1808,0.0,1808,0.0,,,,
02-0ec3ac2054d4681e6c9d4825765209ee,2,z_idle_threads,144,144,0.0,144,0.0,144,0.0,144,0.0,144,0.0,144,0.0,144,0.0,144,0.0
02-0f242017f34f5349c3aec4114c634734,2,__isr_table_entry_z_irq_spurious_irq_698,,,,8,,,,,,,,,,8,0,8,0
02-0f79cf6abfe3321090df0602a15da5af,2,bt_long_wq.lto_priv.0,,,,176,,,,,,,,,,176,0,176,0
02-0fb9d4b1eef721feb0a995ff64d0f89b,2,mpsl_work_stack,,,,1024,,,,,,,,,,1024,0,1024,0
02-0fd8006230149ab229847684e149586d,2,k_cracen_mutex,,,,20,,,,,,,,,,20,0,20,0
02-0fee066581a87194903b7de9e797f974,2,att_handle_rsp_thread.lto_priv.0,,,,4,,,,,,,,,,4,0,4,0
02-0fff88c07796f6997bf005593b15c507,2,__isr_table_entry_z_irq_spurious_irq_741,,,,8,,,,,,,,,,8,0,8,0
02-1094c50e30c0bef11e77f3a92e17d2f9,2,_sched_spinlock,4,4,0.0,4,0.0,4,0.0,4,0.0,4,0.0,4,0.0,4,0.0,4,0.0
02-10aec35353f9c4096a71c38654c3d402,2,cancel,,,,28,,,,,,,,,,28,0,28,0
02-116f6eead9a6c0a2b2077bcf0f77f7a9,2,_context.lto_priv.0,,,,68,,,,,,,,,,68,0,68,0
02-11e58088702fbcb5b7356e4dde5d11c8,2,pending_recycled_events,,,,24,,,,,,,,,,24,0,24,0
02-1240feb14683c41180f948436d2e4819,2,k_cracen_prng_context_mutex,,,,20,,,,,,,,,,20,0,20,0
02-12db0d6ce4c0a9e11c9b85f82e3a9d03,2,__isr_table_entry_z_irq_spurious_irq_536,,,,8,,,,,,,,,,8,0,8,0
02-12f5c7ec4a00534ed2de6811a721aa56,2,__isr_table_entry_z_irq_spurious_irq_692,,,,8,,,,,,,,,,8,0,8,0
02-130e43a92b201aa621ce2e8389b33809,2,__isr_table_entry_z_irq_spurious_irq_600,,,,8,,,,,,,,,,8,0,8,0
02-1337a295530ff5e7d99474a9c51ba4f2,2,global_data.lto_priv.1,,,,1412,,,,,,,,,,1412,0,1412,0
02-13d8c90a8a1bec2fb8a75aa1bd60d694,2,gen_method_sc,,,,25,,,,,,,,,,25,0,25,0
02-141e2443481eb13a4f9c569ffa45bf4f,2,__isr_table_entry_z_irq_spurious_irq_781,,,,8,,,,,,,,,,8,0,8,0
02-14e96c12cb011a1c738131926ffcd07d,2,notification_cb_flag.lto_priv.0,,,,1,,,,,,,,,,1,0,1,0
02-14fa9ee59d7284f27994623bcb8b0d9d,2,s_in_job.1,16,16,0.0,16,0.0,16,0.0,16,0.0,16,0.0,16,0.0,16,0.0,16,0.0
02-151d1a2720cc2ad45e71f0bb7e1999fe,2,__isr_table_entry_z_irq_spurious_irq_562,,,,8,,,,,,,,,,8,0,8,0
02-161cfd5335f0121c6d03f4c87e5b7eb0,2,__isr_table_entry_z_irq_spurious_irq_635,,,,8,,,,,,,,,,8,0,8,0
02-16d4322ecda43ccdf20ec094d9b8fce6,2,is_adv.lto_priv.0,,,,1,,,,,,,,,,1,0,1,0
02-171683ecbb3d313ad07176a76ac3e2ad,2,net_buf_fixed_alloc_hci_cmd_pool,,,,12,,,,,,,,,,12,0,12,0
02-17f3c8150bbe6d2746c1b69a8505383b,2,timeout_list,,,,8,,,,,,,,,,8,0,8,0
02-180b93aa36fd59406c67a07a1f3bacb0,2,spi_nor_0_config,,,,52,,,,,,,,,,52,0,52,0
02-180fcbc28f7da66d219eb6193481a3ae,2,data.0,,2,,2,0,,,,,2,0,,,,,,
02-181686124912cfcd54e5656588111330,2,__isr_table_entry_z_irq_spurious_irq_577,,,,8,,,,,,,,,,8,0,8,0
02-1871ac29eef772378903e1ad40a709db,2,__isr_table_entry_z_irq_spurious_irq_645,,,,8,,,,,,,,,,8,0,8,0
02-19220b95a8f4090fc9a83d3c4631d378,2,__isr_table_entry_z_irq_spurious_irq_585,,,,8,,,,,,,,,,8,0,8,0
02-195f566f15c6abd6437e22aa076b3cc2,2,dummy.2,2,2,0.0,2,0.0,2,0.0,2,0.0,2,0.0,2,0.0,2,0.0,2,0.0
02-199c8c824685a14f12c655ab3cec42fa,2,__isr_table_entry_z_irq_spurious_irq_793,,,,8,,,,,,,,,,8,0,8,0
02-1a05735884afb705b17707c0d28c7304,2,tx_power.0,,1,,1,0,,,,,1,0,,,,,,
02-1a33ac3b8f1047d41c405aed5b2a7da6,2,sdc_mempool,,,,3286,,,,,,,,,,3050,0,3050,0
02-1acd1f648b570c729a904a7c2fa45dfc,2,__compound_literal*,723,723,0.0,907,25.45,723,0.0,723,0.0,723,0.0,723,0.0,907,25.45,907,25.45
02-1be2a59822ac2b798bbe0f7f39d7c96d,2,valid_keys,,,,380,,,,,,,,,,380,0,380,0
02-1c7a642e3da9ace3bf2f9f3d74389ef5,2,attr_dis_svc,,,,140,,,,,,,,,,140,0,140,0
02-1c987e58b73dcf137d6cf963b03fc4d8,2,net_buf_data_sync_evt_pool,,,,258,,,,,,,,,,258,0,258,0
02-1ceb4f06941087b7e65c996cabf65a57,2,__isr_table_entry_z_irq_spurious_irq_754,,,,8,,,,,,,,,,8,0,8,0
02-1de6ed55fdfe4c9ac8915f003dc29e29,2,static_regions,,,,12,,,,,,,,,,12,0,12,0
02-1eb2bc1166d1d74ba9bb1028ca8e6b3e,2,ops.0.lto_priv.1,,,,40,,,,,,,,,,40,0,40,0
02-1eeb597ae5b2378ac64687f6ac033dea,2,chrc_pool,,,,8,,,,,,,,,,8,0,8,0
02-1f28c642af8abbb8e8f379b2890961ec,2,__isr_table_entry_z_irq_spurious_irq_541,,,,8,,,,,,,,,,8,0,8,0
02-1f708f7cb182875d325a3ad6f18d6083,2,do_calibration,,,,4,,,,,,,,,,4,0,4,0
02-1f8bfa068eb8a0bef7239c1b07065262,2,__isr_table_entry_z_irq_spurious_irq_646,,,,8,,,,,,,,,,8,0,8,0
02-2014095ba9eb4feaebcfefa21a3fec60,2,m_lut.2,,,,12,,,,,,,,,,20,0,12,0
02-209aa434231c99b705e9816597224478,2,last_static_handle.lto_priv.0,,,,2,,,,,,,,,,2,0,2,0
02-20cb65f9f3dde538e0538e11c9bfe9e9,2,metadata_usage_flags_mapping,,,,28,,,,,,,,,,28,0,28,0
02-212cb1c2414ce0b61e7f9a98625cfb18,2,hids_obj_mutex,,,,20,,,,,,,,,,20,0,20,0
02-21c024ac445d674cb016099b9c56e4a0,2,__isr_table_entry_z_irq_spurious_irq_788,,,,8,,,,,,,,,,8,0,8,0
02-21e3414514e6514ab4f00b9624e2b8cb,2,net_buf_data_acl_tx_pool,,,,148,,,,,,,,,,148,0,148,0
02-2224c753ef85eaa6472d4676eb8ab6ed,2,global_data.lto_priv.0,,,,8,,,,,,,,,,8,0,8,0
02-231501e35bcae1c7777c6f600bfa635f,2,__isr_table_entry_z_irq_spurious_irq_540,,,,8,,,,,,,,,,8,0,8,0
02-2318e7ee33268445a722331053f937e0,2,acl_tx_pool,,,,52,,,,,,,,,,52,0,52,0
02-2372f2c1eb2fa143a1ac5a5ef0c02a66,2,hids_obj_ctx_lib,,,,24,,,,,,,,,,24,0,24,0
02-24f34957bcb53b18e335d802761c8220,2,buttons_scan,,,,48,,,,,,,,,,48,0,48,0
02-258422090f47f8bd38fbbca7359d7ab3,2,s_in_joblist.1,32,32,0.0,32,0.0,32,0.0,32,0.0,32,0.0,32,0.0,32,0.0,32,0.0
02-262eb2c46b4acf72689eb9b114455b72,2,__isr_table_entry_z_irq_spurious_irq_676,,,,8,,,,,,,,,,8,0,8,0
02-285414842246296ce7dbe25ff262b8a7,2,__devstate_dts_ord_57.lto_priv.0,,,,2,,,,,,,,,,2,0,2,0
02-28ba64f5d894447c9ed6dd80bb8a743f,2,nordic_str.1,,,,24,,,,,,,,,,24,0,24,0
02-295d065d5fe18fef983202dcdc66c08e,2,__isr_table_entry_z_irq_spurious_irq_580,,,,8,,,,,,,,,,8,0,8,0
02-2a402a7140c21e2eb89b80201ba822f3,2,conn_auth_info_callbacks,,,,16,,,,,,,,,,16,0,16,0
02-2a79af16c33b81f2ea3ea39d23a582c3,2,__isr_table_entry_z_irq_spurious_irq_574,,,,8,,,,,,,,,,8,0,8,0
02-2b4f06a81f70478114a1cebc4cfec5b7,2,__isr_table_entry_z_irq_spurious_irq_716,,,,8,,,,,,,,,,8,0,8,0
02-2ba54e8ccf33cac1c84b2cb92c088fd6,2,spim_00_rx_buffer,,,,8,,,,,,,,,,8,0,8,0
02-2bfe69ba94a21f6a7d80166b40aa5f7f,2,pairing_work.lto_priv.0,,,,16,,,,,,,,,,16,0,16,0
02-2c0791a1d9b3080ff34aca850c4f7085,2,net_buf_fixed_hci_cmd_pool,,,,4,,,,,,,,,,4,0,4,0
02-2d2decddfd93a4019122fbc2399f4f05,2,__isr_table_entry_z_irq_spurious_irq_578,,,,8,,,,,,,,,,8,0,8,0
02-2d43a71b726546c6b87c9c14e797c0be,2,__isr_table_entry_z_irq_spurious_irq_740,,,,8,,,,,,,,,,8,0,8,0
02-2d9ac9d013a9d0c281e0d9497aa65919,2,z_arm_tls_ptr,,,,4,,,,,,,,,,4,0,4,0
02-2db96d6f02ac01cb7e91a4a1ffee6e7d,2,__isr_table_entry_nrfx_isr_irq_3.1,,,,8,,,,,,,,,,8,0,8,0
02-2f158c4731d76d5975b8546d85de1b34,2,C:\,5238,5770,10.16,3402,-35.05,5766,10.08,5238,0.0,5242,0.08,3740,-28.6,5259,0.4,3398,-35.13
02-2f7b9b698641d824779736780bd3155e,2,__isr_table_entry_z_irq_spurious_irq_710,,,,8,,,,,,,,,,8,0,8,0
02-2fc8406ac33306b248a6f27a63295f4a,2,__isr_table_entry_z_irq_spurious_irq_546,,,,8,,,,,,,,,,8,0,8,0
02-305e3a2cf6368f489ba75171ad0f89a4,2,__isr_table_entry_z_irq_spurious_irq_787,,,,8,,,,,,,,,,8,0,8,0
02-315ee5f2c2cdcf46f7efce36e3363bcb,2,__isr_table_entry_z_irq_spurious_irq_619,,,,8,,,,,,,,,,8,0,8,0
02-316e7f39b0580b06e68ccd7c94a1d88b,2,str.3,129,129,0.0,129,0.0,129,0.0,129,0.0,129,0.0,129,0.0,129,0.0,129,0.0
02-31cfd6e3d717b4ec46e27110289ebf19,2,__isr_table_entry_z_irq_spurious_irq_767,,,,8,,,,,,,,,,8,0,8,0
02-3306eb1299f87e1eaf88939d7f306a2c,2,__isr_table_entry_z_irq_spurious_irq_778,,,,8,,,,,,,,,,8,0,8,0
02-33126d0591c999555b16e2f286021002,2,ll_ctrl_shared_context,32,32,0.0,24,-25.0,32,0.0,32,0.0,32,0.0,24,-25.0,32,0.0,24,-25.0
02-334b30cc91ae3e9ad5c22199dd298c73,2,__isr_table_entry_z_irq_spurious_irq_609,,,,8,,,,,,,,,,8,0,8,0
02-337bea3d62b3a0b0a67cbe69981757c4,2,prng_pool_remaining,,,,4,,,,,,,,,,4,0,4,0
02-341a4eb48d459e3c509356c44e06370e,2,__isr_table_entry_z_irq_spurious_irq_739,,,,8,,,,,,,,,,8,0,8,0
02-346e8b97ef1b34e7632f1122675aac1a,2,CSWTCH.*,,,,265,,,,,,,,,,440,0,265,0
02-354dcec8d597dbf3a1f4b392b7b20115,2,mbedtls_free_func,,,,,,,,,,,,,,4,,4,0
02-35c6c7cd5d0fbe9a47b8741502adac3e,2,uarte20_poll_out_byte,,,,1,,,,,,,,,,1,0,1,0
02-35ca05639f20c04e4314ee4b69a85133,2,mlen.1,2,2,0.0,2,0.0,2,0.0,2,0.0,2,0.0,2,0.0,2,0.0,2,0.0
02-35cd44e69664c9b52bf9fcfeae436b14,2,__isr_table_entry_z_irq_spurious_irq_699,,,,8,,,,,,,,,,8,0,8,0
02-365c9bd4a8161176c4f9797dba6c2dd5,2,__isr_table_entry_z_irq_spurious_irq_623,,,,8,,,,,,,,,,8,0,8,0
02-37671950dacc3483f090f19c10dfb46d,2,__isr_table_entry_z_irq_spurious_irq_599,,,,8,,,,,,,,,,8,0,8,0
02-37c6ae61635797a3852bf091496dc562,2,memory_jobs.5,48,48,0.0,48,0.0,48,0.0,48,0.0,48,0.0,48,0.0,48,0.0,48,0.0
02-37fb2617e09d48273636984b6838f889,2,__isr_table_entry_z_irq_spurious_irq_785,,,,8,,,,,,,,,,8,0,8,0
02-3884c6dbc17aea521b44815f439d8e3e,2,mbedtls_heap,,,,512,,,,,,,,,,512,0,512,0
02-38bc2537b3da74055564899c14bb7e5b,2,hci_cmd_pool,,,,52,,,,,,,,,,52,0,52,0
02-38d7b76b771634bb6aaae4ffde5922a8,2,_sw_isr_table,2168,2168,0.0,,,2168,0.0,2168,0.0,2168,0.0,2168,0.0,,,,
02-3906b4ead27b70fcb2034f8d49fa1639,2,__isr_table_entry_z_irq_spurious_irq_670,,,,8,,,,,,,,,,8,0,8,0
02-39108eb4c90b6ccb7411c50468fe17e7,2,__isr_table_entry_z_irq_spurious_irq_673,,,,8,,,,,,,,,,8,0,8,0
02-393461184f75407588ce36b924b824c3,2,_net_buf_acl_tx_pool,,,,80,,,,,,,,,,80,0,80,0
02-3a398a246c2152d9ecc35b059c0da1f1,2,hfclk_users,,,,4,,,,,,,,,,4,0,4,0
02-3a489591cbc0848d0d882e3afb3617d8,2,__isr_table_entry_z_irq_spurious_irq_588,,,,8,,,,,,,,,,8,0,8,0
02-3b40c9535c04929ec10769ab49b4de32,2,CMD_ECC_PTONCURVE,,,,20,,,,,,,,,,20,0,20,0
02-3b68c8058a2d6ba9e002a0bf8348e2f5,2,var_str.0,,,,16,,,,,,,,,,16,0,16,0
02-3b8238b190187fceef29c292cb88b526,2,z_main_stack,3584,3584,0.0,3584,0.0,3584,0.0,3584,0.0,3584,0.0,3584,0.0,3584,0.0,3584,0.0
02-3b834c10274f71700dcb6c2f8af2d2f1,2,uarte_20_data,,,,8,,,,,,,,,,8,0,8,0
02-3b92d741738cf203b70313f89de27c6f,2,device_name,,,,4,,,,,,,,,,,,,
02-3bb729b20beac8a5e0aaa9e0def1e6d4,2,__isr_table_entry_z_irq_spurious_irq_613,,,,8,,,,,,,,,,8,0,8,0
02-3c098f83e9848435d4577fc25050a74b,2,__isr_table_entry_z_irq_spurious_irq_538,,,,8,,,,,,,,,,8,0,8,0
02-3ca09ab72ebf395f416fe78779334685,2,__pinctrl_state_pins_0__device_dts_ord_117,,,,12,,,,,,,,,,12,0,12,0
02-3cc0c8ebf3774c888b4a9b88a7a628c9,2,__isr_table_entry_z_irq_spurious_irq_586,,,,8,,,,,,,,,,8,0,8,0
02-3cc54a4e121816675da2d0782e61e5bb,2,lock.lto_priv.5,,,,4,,,,,,,,,,4,0,4,0
02-3cca42c4f48f32184dc7d459a6842407,2,z_main_thread,144,144,0.0,144,0.0,144,0.0,144,0.0,144,0.0,144,0.0,144,0.0,144,0.0
02-3d170f020eec630a6305158ecdf7d409,2,__isr_table_entry_z_irq_spurious_irq_763,,,,8,,,,,,,,,,8,0,8,0
02-3e82d3320e0c286b572f6f43eb26a4fe,2,m_sca_mapping.1,,,,,,,,,,,,,,24,,,
02-3e8dd2b371986dbd9129a20fc78914e8,2,__isr_table_entry_z_irq_spurious_irq_563,,,,8,,,,,,,,,,8,0,8,0
02-3ead3c83895be48dd3dbd5197a977955,2,__isr_table_entry_z_irq_spurious_irq_625,,,,8,,,,,,,,,,8,0,8,0
02-3eedbbe64a9375b756c5a3304928e466,2,rx_work,,,,16,,,,,,,,,,16,0,16,0
02-3f8a9ad4cd1a2f421fe119c6513fed77,2,_char_out.lto_priv.0,,,,4,,,,,,,,,,4,0,4,0
02-406b1fcdef03b1b851048a9adada3087,2,sys_work_q_stack,,,,2048,,,,,,,,,,2048,0,2048,0
02-40f5e378ac7f8a1f8421222d9960c5f7,2,procedures_on_connect,,,,16,,,,,,,,,,16,0,16,0
02-414cc71d87741a10b1f28b63eb063b1b,2,__isr_table_entry_z_irq_spurious_irq_674,,,,8,,,,,,,,,,8,0,8,0
02-41b8569c09ac955fe309f82c090523bc,2,k_cracen_prng_pool_mutex,,,,20,,,,,,,,,,20,0,20,0
02-41be535153c4b535bc9d0a610d3bd66b,2,stderr,,,,,,,,,,,,,,4,,4,0
02-41cbb60e3ac104be00d14fb4ac2897dc,2,__isr_table_entry_z_irq_spurious_irq_773,,,,8,,,,,,,,,,8,0,8,0
02-42f86d67a99165084f6a70befd3ad108,2,__isr_table_entry_z_irq_spurious_irq_762,,,,8,,,,,,,,,,8,0,8,0
02-4339c33948cbc877bca41f6222bb59c6,2,__isr_table_entry_z_irq_spurious_irq_643,,,,8,,,,,,,,,,8,0,8,0
02-4386320aeb2fc998b22dee1496aed18e,2,flash_nor_parameters,,,,8,,,,,,,,,,8,0,8,0
02-43e69b1afbbf06f120eba809ba1a5fe4,2,__isr_table_entry_z_irq_spurious_irq_593,,,,8,,,,,,,,,,8,0,8,0
02-43e8532a0c3d87eaef202cfa1294bee8,2,__isr_table_entry_z_irq_spurious_irq_663,,,,8,,,,,,,,,,8,0,8,0
02-44030823eb9c6bd6fa6bdd2a149ed9ce,2,store_id_work,,,,16,,,,,,,,,,16,0,16,0
02-449181b22d492532607e1342bd197c04,2,__isr_table_entry_z_irq_spurious_irq_627,,,,8,,,,,,,,,,8,0,8,0
02-44f0cbab43d4061c1dc047bd6a579531,2,sym_*,,,,40,,,,,,,,,,40,0,40,0
02-4509f0f5c202138f43987e209f9796a2,2,prng.lto_priv.0,,,,,,,,,,,,,,64,,64,0
02-4527790f301c55e12e9d9eacd6049ff0,2,spi_00z_config,,,,76,,,,,,,,,,76,0,76,0
02-45dc2c7a024ae0030919e5a73ee5d190,2,net_buf_data_att_pool,,,,380,,,,,,,,,,380,0,380,0
02-45ecbf4a85f7d23b050f9bb46d03dbc3,2,__isr_table_entry_z_irq_spurious_irq_611,,,,8,,,,,,,,,,8,0,8,0
02-4687293ff1fdc5b845e8e1f2080248df,2,delay_machine_code.0,,,,6,,,,,,,,,,6,0,6,0
02-46bd473590fe0d7091266ed75f84acf6,2,uarte_20z_config,,,,44,,,,,,,,,,44,0,44,0
02-47352518f90e6887f4dd7acbc9a14580,2,settings_load_srcs,8,8,0.0,8,0.0,8,0.0,8,0.0,8,0.0,8,0.0,8,0.0,8,0.0
02-484c3e22c0a675bebb47e4b7669baddb,2,__isr_table_entry_z_irq_spurious_irq_590,,,,8,,,,,,,,,,8,0,8,0
02-486e6cd412181b733ecb26303f4bd9ba,2,__isr_table_entry_z_irq_spurious_irq_662,,,,8,,,,,,,,,,8,0,8,0
02-48e4aa0d21f89bc0fe4d182662350798,2,__isr_table_entry_z_irq_spurious_irq_715,,,,8,,,,,,,,,,8,0,8,0
02-491bbb25fea39ee590be0558756b2623,2,normal_events,,,,48,,,,,,,,,,48,0,48,0
02-4948eedccbc71144b12d114e7a797a0d,2,__isr_table_entry_z_irq_spurious_irq_759,,,,8,,,,,,,,,,8,0,8,0
02-4a60a8becb8e89acd1821508d252f412,2,s_out_joblist.0,16,16,0.0,16,0.0,16,0.0,16,0.0,16,0.0,16,0.0,16,0.0,16,0.0
02-4cedb0880a241a30d61d247643369527,2,__isr_table_entry_z_irq_spurious_irq_771,,,,8,,,,,,,,,,8,0,8,0
02-4d349e80eb72987ab3c335792642c9c4,2,__isr_table_entry_z_irq_spurious_irq_737,,,,8,,,,,,,,,,8,0,8,0
02-4d36d820831920fd9f41e7b03148ab91,2,__isr_table_entry_z_irq_spurious_irq_688,,,,8,,,,,,,,,,8,0,8,0
02-4d4a9aa362b6ffe089fd2e992ccf4f5f,2,heap,,,,40,,,,,,,,,,40,0,40,0
02-4d52d00180902f839aad5715c8df022d,2,net_buf_fixed_alloc_sync_evt_pool,,,,12,,,,,,,,,,12,0,12,0
02-4d77598f8c9fc664c4c1ec0687216eb9,2,__isr_table_entry_z_irq_spurious_irq_560,,,,8,,,,,,,,,,8,0,8,0
02-4d8c9a99f9f3d4fb20d71624f6131081,2,__isr_table_entry_z_irq_spurious_irq_547,,,,8,,,,,,,,,,8,0,8,0
02-4d9ff4cae398d7999a2626241a8271ff,2,conn_cbs.lto_priv.0,,,,8,,,,,,,,,,8,0,8,0
02-4dca0eea1036fa7aab82159243056434,2,__isr_table_entry_z_irq_spurious_irq_735,,,,8,,,,,,,,,,8,0,8,0
02-4e5868d676cb634aa75b125a0f741abf,2,flags,,,,4,,,,,,,,,,,,,
02-4ee97f6086ad41bf02d475708cafd6f0,2,gpio_nrfx_p2_cfg.lto_priv.0,,,,24,,,,,,,,,,24,0,24,0
02-4eeb35f940bad3fd21cfb1a041afd313,2,__isr_table_entry_z_irq_spurious_irq_764,,,,8,,,,,,,,,,8,0,8,0
02-4f2eabb2ebb9594b2fd440a6d24b4c5e,2,__isr_table_entry_z_irq_spurious_irq_591,,,,8,,,,,,,,,,8,0,8,0
02-4f3ea50b05fd2c7061dc7c52e5453755,2,__isr_table_entry_z_irq_spurious_irq_722,,,,8,,,,,,,,,,8,0,8,0
02-50028adf0338f63f0a559b136cffd118,2,free_tx,,,,28,,,,,,,,,,28,0,28,0
02-50484c19f1afdaf3841a0d821ed393d2,2,kernel,2458,2458,0.0,,,2458,0.0,2458,0.0,2458,0.0,2458,0.0,,,,
02-5126693f03ad68e0ad3deb67e08fd609,2,__isr_table_entry_z_irq_spurious_irq_607,,,,8,,,,,,,,,,8,0,8,0
02-5144142a2e42ae867ec4f9f3155961ed,2,__isr_table_entry_z_irq_spurious_irq_614,,,,8,,,,,,,,,,8,0,8,0
02-51e282ecb968fe77c46b7f5becdfe9b0,2,crc8_ccitt_small_table,,,,16,,,,,,,,,,16,0,16,0
02-520f94d47632a4952c833c0f20be3413,2,sxhashalg_sha2_256,,,,32,,,,,,,,,,32,0,32,0
02-523af537946b79c4f8369ed39ba78605,2,ad,,,,24,,,,,,,,,,24,0,24,0
02-52f305dbb42abc4b3afbbdc1333c96f9,2,__isr_table_entry_z_irq_spurious_irq_746,,,,8,,,,,,,,,,8,0,8,0
02-532b7cf399c312ed78f9c904452ed1ee,2,__isr_table_entry_z_irq_spurious_irq_626,,,,8,,,,,,,,,,8,0,8,0
02-539bc426bca0b9eadafb554477e2cc60,2,__isr_table_entry_z_irq_spurious_irq_557,,,,8,,,,,,,,,,8,0,8,0
02-53dcc91dde99dd5eff3c0d334e2735b3,2,__isr_table_entry_z_irq_spurious_irq_642,,,,8,,,,,,,,,,8,0,8,0
02-53e9eae6e9cea5a06e61e79e67b9a031,2,__isr_table_entry_z_irq_spurious_irq_658,,,,8,,,,,,,,,,8,0,8,0
02-5426681785af1c3f996166a5629cc52c,2,__isr_table_entry_z_irq_spurious_irq_675,,,,8,,,,,,,,,,8,0,8,0
02-54bbe062cc020a9f87f0b6828066eeaf,2,z_malloc_heap,,,,12,,,,,,,,,,12,0,12,0
02-568adf19bbb4533ecef8e5bd09f04e13,2,__isr_table_entry_z_irq_spurious_irq_691,,,,8,,,,,,,,,,8,0,8,0
02-56a011a18920310e6bde0409b97e7e0d,2,_k_mem_slab_buf_att_slab,,,,96,,,,,,,,,,96,0,96,0
02-56abcb07223e29a85d26d755870fc60d,2,sc_range,,,,8,,,,,,,,,,8,0,8,0
02-573442d06ab6a002b4cd74a58fc90b5b,2,bt_addr_none,,,,6,,,,,,,,,,6,0,6,0
02-58293abdf4814edc30b89a71f41be88f,2,__isr_table_entry_z_irq_spurious_irq_747,,,,8,,,,,,,,,,8,0,8,0
02-58a91dd6f5a80383f60f8aebd0e33619,2,g_mpsl_device_ccm,4,4,0.0,4,0.0,4,0.0,4,0.0,4,0.0,4,0.0,4,0.0,4,0.0
02-58ee38df9308863cc8bd829ad5bb20ff,2,__isr_table_entry_z_irq_spurious_irq_708,,,,8,,,,,,,,,,8,0,8,0
02-5944ccc98ede485749aa4a06e05889eb,2,__isr_table_entry_z_irq_spurious_irq_727,,,,8,,,,,,,,,,8,0,8,0
02-598b7610947d476fddb624460f712be3,2,__isr_table_entry_z_irq_spurious_irq_753,,,,8,,,,,,,,,,8,0,8,0
02-5a46f983699ff81b4c73d0ea53d3d175,2,settings_subsys_initialized,,,,1,,,,,,,,,,1,0,1,0
02-5a4f5dc7fe05801ad2480c2a2a0542d5,2,attr__1_gatt_svc,,,,160,,,,,,,,,,160,0,160,0
02-5a64d28cc54b1ad1265d053db12b4508,2,db.lto_priv.0,,,,8,,,,,,,,,,8,0,8,0
02-5b11fa95b59d37b384e8679ecead1b46,2,__isr_table_entry_z_irq_spurious_irq_723,,,,8,,,,,,,,,,8,0,8,0
02-5b7bb533d21149d376c84dca412c7186,2,__isr_table_entry_z_irq_spurious_irq_680,,,,8,,,,,,,,,,8,0,8,0
02-5d0808cfc0bd7020a69ebc832506b4ed,2,__pinctrl_states__device_dts_ord_117,,,,8,,,,,,,,,,8,0,8,0
02-5dc388e15b588ae1c21523ff1884e6f2,2,__isr_table_entry_z_irq_spurious_irq_633,,,,8,,,,,,,,,,8,0,8,0
02-5dd1e275bada6dcfd76c25f381db6bcd,2,sc_restore_params,,,,48,,,,,,,,,,48,0,48,0
02-5df9b1de4c4094f33d502ecf855c39c1,2,net_buf_fixed_fragments,,,,4,,,,,,,,,,4,0,4,0
02-5e1497bf88ea1c252050083f2a68ac83,2,cmd_complete_or_status,,,,72,,,,,,,,,,72,0,72,0
02-5e1ef73463793ff4e58690c1297a4694,2,__devstate_dts_ord_12.lto_priv.0,,,,2,,,,,,,,,,2,0,2,0
02-5f548e824cd4aef16e60702551eceea5,2,continious_report_flag.lto_priv.0,,,,1,,,,,,,,,,1,0,1,0
02-602e87fa8ebae555adf03ffe27591545,2,curr_tick,,,,8,,,,,,,,,,8,0,8,0
02-60ef67dfea903556003c71470b98e88c,2,__isr_table_entry_z_irq_spurious_irq_725,,,,8,,,,,,,,,,8,0,8,0
02-6132bca83a4cd9c08eb8504f1f608b68,2,last_state.0,4,4,0.0,4,0.0,4,0.0,4,0.0,4,0.0,4,0.0,4,0.0,4,0.0
02-6182786963cf650c85f865432288dfd7,2,__isr_table_entry_z_irq_spurious_irq_595,,,,8,,,,,,,,,,8,0,8,0
02-6226f7cbe59e99a90b5cef6f94f966fd,2,sd,,,,8,,,,,,,,,,8,0,8,0
02-63dcea84fdcbdf06bb0696b61eacdfba,2,__isr_table_entry_z_irq_spurious_irq_664,,,,8,,,,,,,,,,8,0,8,0
02-63de3862e1ffedf6c874d890656d63e1,2,sc_supported.lto_priv.0,,,,1,,,,,,,,,,1,0,1,0
02-63e87ca8fa5bff4c61d8b59501da01c6,2,__isr_table_entry_z_irq_spurious_irq_597,,,,8,,,,,,,,,,8,0,8,0
02-63ef99316b9a208e2cb725a56c2be249,2,__isr_table_entry_z_irq_spurious_irq_575,,,,8,,,,,,,,,,8,0,8,0
02-64322f5f3ff7f9f717279e1b017a997e,2,stdout,,,,4,,,,,,,,,,,,,
02-651f1926dd2ac8d66d2503e9d267bfa3,2,pending_cancels.lto_priv.0,,,,8,,,,,,,,,,8,0,8,0
02-65506669bc8fef395feaad483c292704,2,__isr_table_entry_z_irq_spurious_irq_760,,,,8,,,,,,,,,,8,0,8,0
02-6568cd012f97149c797f738b07b1fd12,2,plat_str.2,,,,16,,,,,,,,,,16,0,16,0
02-65901c98ec235d87526274b9a2375d3d,2,irq_enabled,,,,1,,,,,,,,,,1,0,1,0
02-65e3af4198a3ba671730e5a1254a1758,2,z_interrupt_stacks,2048,2048,0.0,2048,0.0,2048,0.0,2048,0.0,2048,0.0,2048,0.0,2048,0.0,2048,0.0
02-660b3af0d37c78bae983a1cbd203c197,2,sxhashalg_sha2_224,,,,32,,,,,,,,,,32,0,32,0
02-669fe30281b6369e3003faa8f1e3298f,2,_net_buf_att_pool,,,,200,,,,,,,,,,200,0,200,0
02-66cffcc48a6c7a33cf5277f7b40777ee,2,s_trx_rx_frame_action.0,1,1,0.0,1,0.0,1,0.0,1,0.0,1,0.0,1,0.0,1,0.0,1,0.0
02-670cd702e336af87c629e19a0cb51131,2,CMD_ECC_PTMUL.lto_priv.0,,,,20,,,,,,,,,,20,0,20,0
02-672bb157265be40c4b1f22e67a85735d,2,__isr_table_entry_z_irq_spurious_irq_726,,,,8,,,,,,,,,,8,0,8,0
02-673f31f4bfd65e07133b14e756a08b25,2,bt_l2cap_pool,,,,176,,,,,,,,,,176,0,176,0
02-676b69744b13b9a4e38499db2414fb88,2,port_offset.1,,,,16,,,,,,,,,,16,0,16,0
02-67edb3f00b52573a5f0091a44e0e414f,2,uuid_16_tab,,,,160,,,,,,,,,,160,0,160,0
02-681bde8e62db002e6da8e98294bd9ace,2,__isr_table_entry_z_irq_spurious_irq_568,,,,8,,,,,,,,,,8,0,8,0
02-686cf4a22d3ed1afd40bcd60b0137803,2,_net_buf_hci_cmd_pool,,,,56,,,,,,,,,,56,0,56,0
02-68941c0a3003b335b2b78c60abc1698e,2,ops.0.lto_priv.0,,,,40,,,,,,,,,,40,0,40,0
02-68a56c3e2433272c86cbe6332db118d4,2,pages_layout.1,,,,8,,,,,,,,,,8,0,8,0
02-690fdc0e68da88ea239074ec50ca8880,2,__isr_table_entry_z_irq_spurious_irq_685,,,,8,,,,,,,,,,8,0,8,0
02-694f920375c97a7a6fc891957aba5454,2,hci_driver_api.lto_priv.0,,,,12,,,,,,,,,,12,0,12,0
02-6a53c4a6cebff26dace6315eb5eb237b,2,chrc_locks,,,,4,,,,,,,,,,4,0,4,0
02-6b63c967a0cdf13cea0e1caf2a58dcbe,2,phy_masks.1,,,,,,,,,,,,,,3,,,
02-6ba9d128a7a061a4fc13971104fa9076,2,m_lut.1,,,,12,,,,,,,,,,20,0,12,0
02-6bbb130c25694027a894a6e116aea904,2,__isr_table_entry_z_irq_spurious_irq_543,,,,8,,,,,,,,,,8,0,8,0
02-6bc86902bb636f59c0d0d59b38c43f0a,2,__isr_table_entry_z_irq_spurious_irq_703,,,,8,,,,,,,,,,8,0,8,0
02-6bd45937ec0026e465235338523e800a,2,announce_remaining,,,,4,,,,,,,,,,4,0,4,0
02-6d5fa34e98084c7bc0a8614c90c8d14d,2,__isr_table_entry_z_irq_spurious_irq_558,,,,8,,,,,,,,,,8,0,8,0
02-6d77c2d7d36ed65d89d93c83858631fe,2,debug_public_key,,,,64,,,,,,,,,,64,0,64,0
02-6da43579d8b9414ae6dea9e414b0cb59,2,conn_change,,,,16,,,,,,,,,,16,0,16,0
02-6e43fe22830f8b83c7181b5dafe6c165,2,config.lto_priv.0,,,,24,,,,,,,,,,24,0,24,0
02-6f54e5744b29314c597b0f865a535fcd,2,button_handler_cb,,,,4,,,,,,,,,,4,0,4,0
02-6f8938d316bdc2987965559e1f81315a,2,lock.lto_priv.3,,,,4,,,,,,,,,,4,0,4,0
02-700229a6650e068dc32760112dec821b,2,handle_index.0,1,1,0.0,1,0.0,1,0.0,1,0.0,1,0.0,1,0.0,1,0.0,1,0.0
02-702baec9bfaa374158f25acb98994996,2,__isr_table_entry_z_irq_spurious_irq_561,,,,8,,,,,,,,,,8,0,8,0
02-7071210d6d892d2ad74c8c6fa9bea9fd,2,__isr_table_entry_z_irq_spurious_irq_776,,,,8,,,,,,,,,,8,0,8,0
02-7192a03bf8fe0449a7668abc683e9263,2,uuid_128_pool,,,,8,,,,,,,,,,8,0,8,0
02-71948a534eca54f72dc0c8676cf68aff,2,__isr_table_entry_z_irq_spurious_irq_709,,,,8,,,,,,,,,,8,0,8,0
02-71d3af2db695ec20f3c4af8748546da1,2,k_sys_work_q,176,176,0.0,176,0.0,176,0.0,176,0.0,176,0.0,176,0.0,176,0.0,176,0.0
02-7217f778d5ce13763bee4443db68d155,2,m_event_setup,48,48,0.0,48,0.0,48,0.0,48,0.0,48,0.0,48,0.0,48,0.0,48,0.0
02-722a7d4f90e56cf0af3f84127d435083,2,mbedtls_free_func.lto_priv.0,,,,4,,,,,,,,,,,,,
02-7241f0f260f968f2eb5ca7ccb5a3ec92,2,z_idle_stacks,,,,320,,,,,,,,,,320,0,320,0
02-735c4efa6ac3e1e45b1ae2a70a62f44d,2,mpsl_work_q,176,176,0.0,176,0.0,176,0.0,176,0.0,176,0.0,176,0.0,176,0.0,176,0.0
02-736a996f94a8f39fb03a85ecd0483d52,2,__isr_table_entry_z_irq_spurious_irq_742,,,,8,,,,,,,,,,8,0,8,0
02-73ba993f5c42e926f2c9480253e2ae85,2,__isr_table_entry_z_irq_spurious_irq_766,,,,8,,,,,,,,,,8,0,8,0
02-73bb1902066aca294c85cd3f1f037e1a,2,__isr_table_entry_z_irq_spurious_irq_779,,,,8,,,,,,,,,,8,0,8,0
02-740d70b80266f86218ac585086d6f392,2,dyn_reg_info,,,,20,,,,,,,,,,20,0,20,0
02-7453818a81866954dbc648cc19b78a73,2,cli.1,16,16,0.0,16,0.0,16,0.0,16,0.0,16,0.0,16,0.0,16,0.0,16,0.0
02-746564e2f589948b0b1a5a1f3bfa4bbc,2,__isr_table_entry_z_irq_spurious_irq_755,,,,8,,,,,,,,,,8,0,8,0
02-748bfed7a8806f0120fc8b1f678ac193,2,__isr_table_entry_z_irq_spurious_irq_706,,,,8,,,,,,,,,,8,0,8,0
02-751d70e2c23da4783a2692700a83c29d,2,_net_buf_hci_rx_pool,,,,320,,,,,,,,,,320,0,320,0
02-75873fc0f1969bdd287d037380f0b868,2,_k_mem_slab_buf_req_slab,,,,140,,,,,,,,,,140,0,140,0
02-76ea7dfbd876c4f9bb5c860f8584e92b,2,str.2,18,18,0.0,18,0.0,18,0.0,18,0.0,18,0.0,18,0.0,18,0.0,18,0.0
02-76f197ffe3e84e735f00a1c8dd400ee0,2,mitm_queue,,,,52,,,,,,,,,,52,0,52,0
02-7777195eba8a6110e0e9a9e7e32aab00,2,hfclknotreadycounter.0,1,1,0.0,1,0.0,1,0.0,1,0.0,1,0.0,1,0.0,1,0.0,1,0.0
02-77b9b1d79da704a171d6af3f4e843f7e,2,mbedtls_threading_psa_rngdata_mutex,,,,20,,,,,,,,,,20,0,20,0
02-77c28b9148545259e7f92c347eff7c9b,2,__isr_table_entry_z_irq_spurious_irq_603,,,,8,,,,,,,,,,8,0,8,0
02-787224f3f1f39afb87275f95e1ac7887,2,__isr_table_entry_z_irq_spurious_irq_539,,,,8,,,,,,,,,,8,0,8,0
02-789743ed022521a600d1e79e24dbe152,2,m_lut.0,,,,12,,,,,,,,,,20,0,12,0
02-789c3e92e7ea24633ab6284a039d6ffd,2,__isr_table_entry_z_irq_spurious_irq_761,,,,8,,,,,,,,,,8,0,8,0
02-791daa80c1f82f33324349814bf7902b,2,uarte20_poll_in_byte,,,,1,,,,,,,,,,1,0,1,0
02-792060b01796377d9b872521e57d341d,2,my_buttons,,,,4,,,,,,,,,,4,0,4,0
02-7928e79d25a100a4722069a6a6ac1b0c,2,net_buf_fixed_alloc_att_pool,,,,12,,,,,,,,,,12,0,12,0
02-792cdbb2ff2168ced5d2267c5da659ca,2,last_button_scan.1,4,4,0.0,4,0.0,4,0.0,4,0.0,4,0.0,4,0.0,4,0.0,4,0.0
02-793dcdcf1d8de930fbecc2bb08e56149,2,__isr_table_entry_z_irq_spurious_irq_711,,,,8,,,,,,,,,,8,0,8,0
02-796cd4a29928db0d5b2aa6edff3f6658,2,__isr_table_entry_z_irq_spurious_irq_783,,,,8,,,,,,,,,,8,0,8,0
02-7997e85a06c64b34942468ff5904ceab,2,m_cb.lto_priv.2,,,,84,,,,,,,,,,36,0,36,0
02-79fd66389ed9f4f9407ff0101603bbaf,2,__isr_table_entry_z_irq_spurious_irq_589,,,,8,,,,,,,,,,8,0,8,0
02-7aa3012c99367934dd5ba7b7b79998c5,2,__isr_table_entry_z_irq_spurious_irq_696,,,,8,,,,,,,,,,8,0,8,0
02-7b7577f8c4a312613d1569e534b53e5e,2,__devstate_dts_ord_118,,,,2,,,,,,,,,,2,0,2,0
02-7b92e6e31c0eaccf87d1c2f29e76b9af,2,__isr_table_entry_z_irq_spurious_irq_686,,,,8,,,,,,,,,,8,0,8,0
02-7bd91cee7cd5ef4e8c223dfd6c5bbab2,2,hids_obj.lto_priv.0,,,,556,,,,,,,,,,556,0,556,0
02-7c0b3e6cb1f202796bb60528e017a994,2,handlers,,,,120,,,,,,,,,,120,0,120,0
02-7c26887e06ba7c4496482fabd215c14a,2,timeout_lock,,,,4,,,,,,,,,,4,0,4,0
02-7c76b6a21abe1104b05df7cd6b76a709,2,__isr_table_entry_z_irq_spurious_irq_702,,,,8,,,,,,,,,,8,0,8,0
02-7cce592f66e8b60406e2273344d6a3f8,2,__isr_table_entry_z_irq_spurious_irq_573,,,,8,,,,,,,,,,8,0,8,0
02-7cf20fe4bdc488efd21aa5b79cbd21ec,2,__isr_table_entry_z_irq_spurious_irq_682,,,,8,,,,,,,,,,8,0,8,0
02-7cfdb66d8fc5b02fa693eeb94f56f304,2,sc_ccc,,,,36,,,,,,,,,,36,0,36,0
02-7d01e04a7dfe9cf222a8b729b7d234d6,2,tx_meta_data_storage,,,,120,,,,,,,,,,120,0,120,0
02-7d0d4e9e9148e130857ddb83462522b5,2,_kernel,32,32,0.0,32,0.0,32,0.0,32,0.0,32,0.0,32,0.0,32,0.0,32,0.0
02-7d1e63f38687fa2eedbf2554c317b708,2,shift_key,,,,1,,,,,,,,,,1,0,1,0
02-7ddee017846abf1b943abc2afe1f6dfb,2,__isr_table_entry_z_irq_spurious_irq_606,,,,8,,,,,,,,,,8,0,8,0
02-7df998a523c2dc03bde0beda5c2e1256,2,lock.lto_priv.0,,,,4,,,,,,,,,,4,0,4,0
02-7dfd0916e87aaa90a45bf1ec3391e970,2,subsys,11103,11119,0.14,,,11119,0.14,11103,0.0,11103,0.0,11103,0.0,,,,
02-7e09f281a4c530ee8a481c4332346144,2,__isr_table_entry_z_irq_spurious_irq_679,,,,8,,,,,,,,,,8,0,8,0
02-7ec96d6b568a019e13895f5b970dea6b,2,net_buf_fixed_discardable_pool,,,,4,,,,,,,,,,4,0,4,0
02-7ee6507a66351b9d2f94ec3c874aa379,2,s_out_job.0,16,16,0.0,16,0.0,16,0.0,16,0.0,16,0.0,16,0.0,16,0.0,16,0.0
02-7f148e9ee880d2f2507084b037472349,2,net_buf_fixed_acl_tx_pool,,,,4,,,,,,,,,,4,0,4,0
02-7fa374f0660a29b2de6c9b637597b83a,2,__isr_table_entry_z_irq_spurious_irq_655,,,,8,,,,,,,,,,8,0,8,0
02-7fe769734c732702044a647c8cc7b65e,2,__isr_table_entry_z_irq_spurious_irq_637,,,,8,,,,,,,,,,8,0,8,0
02-8111b4ad30751c46ecbceda42ec6a1e7,2,__isr_table_entry_z_irq_spurious_irq_559,,,,8,,,,,,,,,,8,0,8,0
02-813a71cad112610477f42d8b89ac800e,2,__isr_table_entry_z_irq_spurious_irq_587,,,,8,,,,,,,,,,8,0,8,0
02-816e0e689005b92b928a254f55ca9543,2,__isr_table_entry_z_irq_spurious_irq_731,,,,8,,,,,,,,,,8,0,8,0
02-81961392644313b3e7c378f61955092f,2,timeslot_context,,,,48,,,,,,,,,,48,0,48,0
02-820be1fc4dd67759f5936d98d6d2b255,2,__isr_table_entry_z_irq_spurious_irq_610,,,,8,,,,,,,,,,8,0,8,0
02-82921dc7fcb10a4860f26ce95b3a80e8,2,__isr_table_entry_z_irq_spurious_irq_748,,,,8,,,,,,,,,,8,0,8,0
02-835df8f3c587e82973f590e66f41e228,2,sc_cfg.lto_priv.0,,,,48,,,,,,,,,,48,0,48,0
02-838ff9e2b5c9bc8dd9d1482c2e76a298,2,settings_lock,,,,20,,,,,,,,,,20,0,20,0
02-83c09dbfbcf0ef67893422ba4f8a223f,2,__isr_table_entry_z_irq_spurious_irq_687,,,,8,,,,,,,,,,8,0,8,0
02-84917115db7fc982cd67bd759fd0890c,2,SystemCoreClock,4,4,0.0,4,0.0,4,0.0,4,0.0,4,0.0,4,0.0,4,0.0,4,0.0
02-84efbf4c50dfc22f09254dae3c3f63b3,2,__isr_table_entry_mpsl_low_prio_irq_handler_irq_11.1,,,,8,,,,,,,,,,8,0,8,0
02-8564e1e23cbdc7b8e94a673febd38641,2,__isr_table_entry_z_irq_spurious_irq_797,,,,8,,,,,,,,,,8,0,8,0
02-865a8db0de7cdbc63595a56470519b5e,2,__isr_table_entry_z_irq_spurious_irq_677,,,,8,,,,,,,,,,8,0,8,0
02-8737fe62a15b5ec120de73a0adcffb9e,2,__isr_table_entry_z_irq_spurious_irq_728,,,,8,,,,,,,,,,8,0,8,0
02-89a59689861225eb508a89e526638dd8,2,bt_dev,376,376,0.0,376,0.0,376,0.0,376,0.0,376,0.0,376,0.0,376,0.0,376,0.0
02-8a0a953429f49b206a6baac3191c4266,2,__isr_table_entry_z_irq_spurious_irq_632,,,,8,,,,,,,,,,8,0,8,0
02-8a1075be9012a6c1ab97401581fed081,2,on.2,4,4,0.0,4,0.0,4,0.0,4,0.0,4,0.0,4,0.0,4,0.0,4,0.0
02-8a6fffe387d62993a0b33b8299882cb5,2,__isr_table_entry_z_irq_spurious_irq_596,,,,8,,,,,,,,,,8,0,8,0
02-8ae933327323e516134d57503edfe440,2,data.lto_priv.0,,,,88,,,,,,,,,,88,0,88,0
02-8b879a1afdb4e7ee9373f486f04ddc89,2,__devstate_dts_ord_117,,,,2,,,,,,,,,,2,0,2,0
02-8bc287e3ec540a6aee29dfa84acc5d9f,2,__isr_table_entry_z_irq_spurious_irq_672,,,,8,,,,,,,,,,8,0,8,0
02-8bd4bd3e1b10495c77318ae3446b39b4,2,__isr_table_entry_z_irq_spurious_irq_789,,,,8,,,,,,,,,,8,0,8,0
02-8d232e940544620859c2c901e21459d7,2,g_mpsl_device_aar,4,4,0.0,4,0.0,4,0.0,4,0.0,4,0.0,4,0.0,4,0.0,4,0.0
02-8d3d6e356515e09f1b85b9f6152dba24,2,rx_thread_stack,,,,2200,,,,,,,,,,2200,0,2200,0
02-8d49d3f311a99424acdce687acc05e9c,2,_k_mem_slab_buf_hids_obj_mem_slab,,,,88,,,,,,,,,,88,0,88,0
02-8d5d038458897db990fa15a70833f149,2,net_buf_slist_lock,,,,4,,,,,,,,,,4,0,4,0
02-8d86cfe52b0bdd38454f0e95c50c3e95,2,__isr_table_entry_z_irq_spurious_irq_653,,,,8,,,,,,,,,,8,0,8,0
02-8d96f6e288da3134bd73b2626fc317dc,2,__isr_table_entry_z_irq_spurious_irq_581,,,,8,,,,,,,,,,8,0,8,0
02-8eab161f1f6d88b0de91413664decd90,2,__isr_table_entry_z_irq_spurious_irq_583,,,,8,,,,,,,,,,8,0,8,0
02-8f1edd9075a333405fe51b5be82017ef,2,__isr_table_entry_z_irq_spurious_irq_605,,,,8,,,,,,,,,,8,0,8,0
02-905e4910c063b67ee2c9a3181f1fc2b2,2,__isr_table_entry_z_irq_spurious_irq_697,,,,8,,,,,,,,,,8,0,8,0
02-90885e828dec6440cd63177e5f846927,2,__devstate_dts_ord_3,,,,2,,,,,,,,,,2,0,2,0
02-918d83c52b4ed4e23a27a13cec39000b,2,__isr_table_entry_z_irq_spurious_irq_648,,,,8,,,,,,,,,,8,0,8,0
02-928747504979d10c8df2793acd2eb22a,2,__isr_table_entry_z_irq_spurious_irq_639,,,,8,,,,,,,,,,8,0,8,0
02-93a04d5cb39b27078d6b4ec34fd76d52,2,__isr_table_entry_z_irq_spurious_irq_704,,,,8,,,,,,,,,,8,0,8,0
02-93eeb82cf8d8d16c7333fc7365dfd3ba,2,__isr_table_entry_z_irq_spurious_irq_550,,,,8,,,,,,,,,,8,0,8,0
02-93efee1e08bc7e0052422d81b1f68555,2,zero.3,1,1,0.0,1,0.0,1,0.0,1,0.0,1,0.0,1,0.0,1,0.0,1,0.0
02-94555f4e0a853d5c99be301b144ba7f9,2,__isr_table_entry_z_irq_spurious_irq_651,,,,8,,,,,,,,,,8,0,8,0
02-949cbd44bf30474e452add68c97fe77a,2,sync_evt_pool,,,,52,,,,,,,,,,52,0,52,0
02-949ddd5287d988dd80ebb710fbe47f20,2,data_0.lto_priv.0,,,,4,,,,,,,,,,4,0,4,0
02-95182de24bda8246dab1308c6402124f,2,slice_expired,,,,1,,,,,,,,,,1,0,1,0
02-96398748661f01f72e4c3a7722e76000,2,gatt_sc.lto_priv.0,,,,88,,,,,,,,,,88,0,88,0
02-964fbe01bb412f32885443aeb27d1ee2,2,__isr_table_entry_z_irq_spurious_irq_729,,,,8,,,,,,,,,,8,0,8,0
02-96557935414cb006e979047a31116e22,2,__isr_table_entry_z_irq_spurious_irq_615,,,,8,,,,,,,,,,8,0,8,0
02-969d9a12a4b9ce4b6feceb3afd4bcde7,2,gpio_nrfx_p0_cfg.lto_priv.0,,,,24,,,,,,,,,,24,0,24,0
02-96babb81587bf722e5b80b14d73b26df,2,params_x448,,,,112,,,,,,,,,,112,0,112,0
02-96ca78d44efca9235893925902746418,2,gpio_nrfx_p0_data.lto_priv.0,,,,12,,,,,,,,,,12,0,12,0
02-97528cf055c058fb8ca189917f19c16e,2,__isr_table_entry_z_irq_spurious_irq_714,,,,8,,,,,,,,,,8,0,8,0
02-976e6727e47689b317b43574d22829dc,2,__isr_table_entry_z_irq_spurious_irq_756,,,,8,,,,,,,,,,8,0,8,0
02-978436dd61a3ada40ccac592c6122dfe,2,net_buf_data_hci_rx_pool,,,,740,,,,,,,,,,740,0,740,0
02-97c2f3f9dbaa2b2e81620b0941bb498f,2,__isr_table_entry_z_irq_spurious_irq_584,,,,8,,,,,,,,,,8,0,8,0
02-97fdda5ddec91d156757bd4878d58731,2,settings_handlers,8,8,0.0,8,0.0,8,0.0,8,0.0,8,0.0,8,0.0,8,0.0,8,0.0
02-9835b8a57e3d9d62e6f2044f7df58417,2,__isr_table_entry_z_irq_spurious_irq_569,,,,8,,,,,,,,,,8,0,8,0
02-9880bf6a3dfcef4faafd5ff88f7710e0,2,__isr_table_entry_z_irq_spurious_irq_791,,,,8,,,,,,,,,,8,0,8,0
02-98e344a26c7cd1012f41ca9844480d56,2,memset_func,,,,4,,,,,,,,,,4,0,4,0
02-9908203b01d15ea10ff9a71735132c76,2,transitions.0,,,,12,,,,,,,,,,12,0,12,0
02-993bbdd7b998ec238580692d8e809118,2,mpsl_low_prio_work,,,,16,,,,,,,,,,16,0,16,0
02-995539bb3d1c3359043ed9a81e219abc,2,ba414ep_ucode,,,,4892,,,,,,,,,,4892,0,4892,0
02-99b40c02b326985044c94c234b7a5e64,2,chr.1,4,4,0.0,4,0.0,4,0.0,4,0.0,4,0.0,4,0.0,4,0.0,4,0.0
02-99d657f973fecd96cb8346f85c0e5ac1,2,chan_slab,,,,32,,,,,,,,,,32,0,32,0
02-9a22c94b2bb51a62408be9cd4e6fe048,2,rx_hci_msg,,,,75,,,,,,,,,,75,0,75,0
02-9a9906e747a71649b05ef9c87f228c81,2,parameters.0,,,,8,,,,,,,,,,8,0,8,0
02-9aba31232a714d2acd02739881d2d5b5,2,__isr_table_entry_cracen_isr_handler_irq_1.1,,,,8,,,,,,,,,,8,0,8,0
02-9ac8e510593503cb484a6ea4683a3c1d,2,pending_current,,,,4,,,,,,,,,,4,0,4,0
02-9addbb39fd27b3459f45e56447b65eaf,2,lock.lto_priv.2,,,,4,,,,,,,,,,4,0,4,0
02-9b8c441126f7e441abf32b52812793ed,2,gatt_conn_auth_info_cb.1,16,16,0.0,16,0.0,16,0.0,16,0.0,16,0.0,16,0.0,16,0.0,16,0.0
02-9bc65c2abec141778ffaa729489f3e87,2,users,,,,4,,,,,,,,,,4,0,4,0
02-9c0397e110d765b8e33f49b8d1a14f4c,2,__isr_table_entry_z_irq_spurious_irq_768,,,,8,,,,,,,,,,8,0,8,0
02-9caaa8a15620e50ce4a5e2dbd2796c66,2,__isr_table_entry_nrfx_isr_irq_1.1.lto_priv.1,,,,,,,,,,,,,,8,,8,0
02-9d15620cb6789ffccd7989837d96e4cc,2,disconnected_handles_reason,,,,2,,,,,,,,,,2,0,2,0
02-9d165e473ff885e738ced20590f69433,2,discardable_pool,,,,52,,,,,,,,,,52,0,52,0
02-9d1c7ad56800b9dc727b38607e135a3e,2,__isr_table_entry_z_irq_spurious_irq_612,,,,8,,,,,,,,,,8,0,8,0
02-9d285212e15f8855b1807de7684ab355,2,spim_00_tx_buffer,,,,8,,,,,,,,,,8,0,8,0
02-9dcfb9d073efa91638f0748e210038db,2,buf_rx_freed_cb.lto_priv.0,,,,4,,,,,,,,,,4,0,4,0
02-9e29a802f8412b7b81d8c9c42b7c0619,2,__devstate_dts_ord_23.lto_priv.0,,,,2,,,,,,,,,,2,0,2,0
02-9e7f4626dd6b6d99ecfa72cc035c1f5d,2,__isr_table_entry_z_irq_spurious_irq_689,,,,8,,,,,,,,,,8,0,8,0
02-9e8997bc89a44be4d3870186a705fa96,2,__isr_table_entry_z_irq_spurious_irq_592,,,,8,,,,,,,,,,8,0,8,0
02-9eccfb3fed0ccddd3f9432f64b447ee8,2,settings_save_dst,4,4,0.0,4,0.0,4,0.0,4,0.0,4,0.0,4,0.0,4,0.0,4,0.0
02-9ed39e2ea931586b6a985a6942ef573e,2,state,,,,1,,,,,,,,,,1,0,1,0
02-9fc143a9c4f8a5ec5da46829bd9ba8c0,2,leds,,,,32,,,,,,,,,,32,0,32,0
02-a047be47e0fcb4d9be0ecfd6c4d88318,2,m_active_event_idx,1,1,0.0,1,0.0,1,0.0,1,0.0,1,0.0,1,0.0,1,0.0,1,0.0
02-a0501d7a85ac16afb373e8d6bc57ec0a,2,frag_md_pool,,,,32,,,,,,,,,,32,0,32,0
02-a112d4e1330742fbbe17dd5f6348635d,2,lock.lto_priv.4,,,,4,,,,,,,,,,4,0,4,0
02-a1748e778403099d846a86a7a4248aba,2,__isr_table_entry_z_irq_spurious_irq_660,,,,8,,,,,,,,,,8,0,8,0
02-a1978ffcd675f8e6364512331aceade7,2,__isr_table_entry_z_irq_spurious_irq_745,,,,8,,,,,,,,,,8,0,8,0
02-a19865c14a5bae60c6b972ad6cfd5fcd,2,cf_cfg.lto_priv.0,,,,64,,,,,,,,,,64,0,64,0
02-a25b01b06252aaee79cbf24bfa499943,2,_k_mem_slab_buf_chan_slab,,,,368,,,,,,,,,,368,0,368,0
02-a2f43ae95617cec584e52135760c71fa,2,chrc_tab,,,,160,,,,,,,,,,160,0,160,0
02-a3ec4064582d41cafa26b7fba402e169,2,att_slab,,,,32,,,,,,,,,,32,0,32,0
02-a403778f34167b055fc0ce28fb47f8dd,2,__isr_table_entry_z_irq_spurious_irq_734,,,,8,,,,,,,,,,8,0,8,0
02-a4bbc8842983ca0b06435885e3b5f28c,2,__isr_table_entry_z_irq_spurious_irq_750,,,,8,,,,,,,,,,8,0,8,0
02-a647b52cd6780019c2573ab29faa1184,2,__isr_table_entry_z_irq_spurious_irq_624,,,,8,,,,,,,,,,8,0,8,0
02-a6c313e08525d10c3551af005eeb71f4,2,__isr_table_entry_z_irq_spurious_irq_661,,,,8,,,,,,,,,,8,0,8,0
02-a7ca4fc9a6c0852587abd72d07e04025,2,gatt_flags.lto_priv.0,,,,4,,,,,,,,,,4,0,4,0
02-a7cc14aa6846994a6c0ba4226dfafef6,2,dh_key_work,,,,16,,,,,,,,,,16,0,16,0
02-a7e4f9c9ebc5aca76955a43e4120b42a,2,net_buf_fixed_alloc_acl_tx_pool,,,,12,,,,,,,,,,12,0,12,0
02-a7e5adbc1b22c30db5a6a98695ad6584,2,dh_key_cb.lto_priv.0,,,,4,,,,,,,,,,4,0,4,0
02-a87dd07bd83f26f208a5204712c43cc8,2,__isr_table_entry_z_irq_spurious_irq_641,,,,8,,,,,,,,,,8,0,8,0
02-a8b0c953db969faab708118bdcce12a2,2,__isr_table_entry_z_irq_spurious_irq_752,,,,8,,,,,,,,,,8,0,8,0
02-a9113bd1c8ba5b612f4b0f4e815e3bf9,2,__isr_table_entry_z_irq_spurious_irq_566,,,,8,,,,,,,,,,8,0,8,0
02-a914696b42ed6ea44809293ab6ef0076,2,ident.1,1,1,0.0,1,0.0,1,0.0,1,0.0,1,0.0,1,0.0,1,0.0,1,0.0
02-a9a3e2df464a3892ef0829645b1eae38,2,__devstate_dts_ord_10.lto_priv.0,,,,2,,,,,,,,,,2,0,2,0
02-a9da7430e9ad452b40960a2a89259dfa,2,uuid_16_locks,,,,8,,,,,,,,,,8,0,8,0
02-ab1fde3005881f257bd1808ad45da1f6,2,__isr_table_entry_z_irq_spurious_irq_576,,,,8,,,,,,,,,,8,0,8,0
02-ac268a1463567bf8154302545d180577,2,sem_lock,,,,24,,,,,,,,,,24,0,24,0
02-ac564bc3cc8e3824b4711c7f5392eab4,2,__isr_table_entry_z_irq_spurious_irq_780,,,,8,,,,,,,,,,8,0,8,0
02-ad03b1de9291e5e59568544114c13c39,2,tx_power,,,,4,,,,,,,,,,,,,
02-ad5f7f52eb633f04ade3a753f496a608,2,gap_appearance,,,,4,,,,,,,,,,,,,
02-ad7ba86bb6b55b3bb2bb5f974a84cecf,2,fragments,,,,52,,,,,,,,,,52,0,52,0
02-ad826e64dabe7d8d186b26f3ba5d34fc,2,__isr_table_entry_nrfx_isr_irq_1.1.lto_priv.0,,,,,,,,,,,,,,8,,8,0
02-ad994e979d39480218596d51ef5effaa,2,__isr_table_entry_nrfx_isr_irq_1.3,,,,8,,,,,,,,,,8,0,8,0
02-adcaf013c53361d5958fbb52a8ee177d,2,_net_buf_sync_evt_pool,,,,28,,,,,,,,,,28,0,28,0
02-ae0545b8941d5cc75c28e15b1b830c02,2,attr__2_gap_svc,,,,140,,,,,,,,,,140,0,140,0
02-ae243f3a685f45ca551b1543d15df41c,2,cmd_data,,,,24,,,,,,,,,,24,0,24,0
02-ae57f6b504ffcc7c8d9fb2b80e6dede3,2,m_cb.lto_priv.0,,,,216,,,,,,,,,,216,0,216,0
02-af68feab7c0cf9a6636190f39e5c56ce,2,__isr_table_entry_z_irq_spurious_irq_769,,,,8,,,,,,,,,,8,0,8,0
02-afe1ff8dc3221ea4b3f570cbd6dd86a3,2,__isr_table_entry_nrfx_isr_irq_1.1,,,,8,,,,,,,,,,,,,
02-b01557ee0f51eab0bb9943dc6999ab1a,2,__isr_table_entry_uarte_nrfx_isr_int_irq_83.1,,,,8,,,,,,,,,,8,0,8,0
02-b025c59f2f48830383d1e287361c64b9,2,__isr_table_entry_z_irq_spurious_irq_572,,,,8,,,,,,,,,,8,0,8,0
02-b025e351d7adc20ce0f7335384bc5de7,2,str.1,30,30,0.0,30,0.0,30,0.0,30,0.0,30,0.0,30,0.0,30,0.0,30,0.0
02-b07e1fd6f85a7dd17538fa95084c00de,2,settings_zms_itf,,,,28,,,,,,,,,,28,0,28,0
02-b10ba1f12719491e1ff875d6af730b2a,2,__isr_table_entry_z_irq_spurious_irq_717,,,,8,,,,,,,,,,8,0,8,0
02-b262dec52e06c65f513cb9f5d5cab94b,2,__isr_table_entry_nrfx_isr_irq_1.4,,,,8,,,,,,,,,,8,0,8,0
02-b27b8a5e0b47d60a03048bb297d3ebc9,2,__isr_table_entry_z_irq_spurious_irq_736,,,,8,,,,,,,,,,8,0,8,0
02-b376759077701a8b5bb6fc6ef5410886,2,acl_conns.lto_priv.0,,,,432,,,,,,,,,,416,0,416,0
02-b44b5e6405fd95b81aa6377062c18918,2,__isr_table_entry_z_irq_spurious_irq_657,,,,8,,,,,,,,,,8,0,8,0
02-b4fef920e8f51b9b65d881dc50d1f2d9,2,__isr_table_entry_z_irq_spurious_irq_649,,,,8,,,,,,,,,,8,0,8,0
02-b5724d2a01429fdb364423c73e63b49a,2,__isr_table_entry_z_irq_spurious_irq_621,,,,8,,,,,,,,,,8,0,8,0
02-b59cf6d400c99227bec301970a4141ad,2,last_count.lto_priv.0,,,,8,,,,,,,,,,8,0,8,0
02-b5a5b121deeb1d0ef641c164f0cf85a6,2,__isr_table_entry_z_irq_spurious_irq_665,,,,8,,,,,,,,,,8,0,8,0
02-b63bdfa721ae10e675a35e6da1cf4b45,2,__isr_table_entry_z_irq_spurious_irq_782,,,,8,,,,,,,,,,8,0,8,0
02-b6cf31e67af7b2210803f3048f39b39b,2,ecc.lto_priv.0,,,,96,,,,,,,,,,96,0,96,0
02-b6db27e28369262f0513afc3778fe488,2,pub_key.lto_priv.0,,,,64,,,,,,,,,,64,0,64,0
02-b72e6a8d651cb2f3f5504424b734da09,2,bt_addr_any,,,,6,,,,,,,,,,6,0,6,0
02-b7c0a82ea7a7cb3f63986c0fd9f5629d,2,__isr_table_entry_z_irq_spurious_irq_622,,,,8,,,,,,,,,,8,0,8,0
02-b8918740e82585c79ed3a3aaa221cf1a,2,gpio_nrfx_p1_cfg.lto_priv.0,,,,24,,,,,,,,,,24,0,24,0
02-b8a24c7edf5040230937762679aa0168,2,__isr_table_entry_z_irq_spurious_irq_751,,,,8,,,,,,,,,,8,0,8,0
02-b8c858427801acad4b6bb4b7c05f4029,2,net_buf_data_discardable_pool,,,,138,,,,,,,,,,138,0,138,0
02-b975bdc33d49e8ebd63165dea60a0e72,2,pub_key_cb_slist,,,,8,,,,,,,,,,8,0,8,0
02-b97d3130ee6c6c713525b44a7792a8e3,2,__isr_table_entry_z_irq_spurious_irq_594,,,,8,,,,,,,,,,8,0,8,0
02-bb006be914a2c6a4042fbb2afc95b1f7,2,__isr_table_entry_z_irq_spurious_irq_786,,,,8,,,,,,,,,,8,0,8,0
02-bb19df0db6766fe128ba45223d090315,2,system_clock_channel_data.lto_priv.0,,,,12,,,,,,,,,,12,0,12,0
02-bb4aa212aae917746588eb36b0b51704,2,calibration_work.lto_priv.0,,,,48,,,,,,,,,,48,0,48,0
02-bbad5ca28c0f40c86aca0b884c3d3f38,2,__isr_table_entry_nrfx_isr_irq_1.2,,,,8,,,,,,,,,,,,,
02-bc4f822a53470ad6828cf4cf4b19b0dd,2,__isr_table_entry_z_irq_spurious_irq_549,,,,8,,,,,,,,,,8,0,8,0
02-bc76d6c79ce3a277db3a05e07240ced1,2,__isr_table_entry_z_irq_spurious_irq_712,,,,8,,,,,,,,,,8,0,8,0
02-bcc4c0b13eeefb390ec2b80b9e09152a,2,__isr_table_entry_z_irq_spurious_irq_796,,,,8,,,,,,,,,,8,0,8,0
02-bd4e27f296c51cfbbc77b32c8be0d994,2,bt_lw_stack_area,,,,2104,,,,,,,,,,2104,0,2104,0
02-bdbf652fcb8e71055393d2b08f555263,2,params_ed448,,,,285,,,,,,,,,,285,0,285,0
02-bdd22a6cdd10c16b7b54b606f30710d8,2,g_mpsl_device_ppib00,4,4,0.0,4,0.0,4,0.0,4,0.0,4,0.0,4,0.0,4,0.0,4,0.0
02-bdfa14836dc2ad352ebf525eb05f56ba,2,gpio_cb,,,,12,,,,,,,,,,12,0,12,0
02-be1042dbb94fb6adb1450b104b1b4d21,2,flags.lto_priv.0,,,,4,,,,,,,,,,4,0,4,0
02-be3b775d5eef41d0ce5d0bb177e67453,2,__isr_table_entry_z_irq_spurious_irq_644,,,,8,,,,,,,,,,8,0,8,0
02-beee85106fa6757d25f6698fb97e4338,2,silex_pk_engine.lto_priv.0,,,,,,,,,,,,,,112,,112,0
02-bf9a8f3e5c814f1656ef9b618ff8c840,2,__isr_table_entry_z_irq_spurious_irq_629,,,,8,,,,,,,,,,8,0,8,0
02-bf9b9e305eb9fd68d56c39be64c59abc,2,__isr_table_entry_z_irq_spurious_irq_555,,,,8,,,,,,,,,,8,0,8,0
02-bfa92a800d3102c48a1c852715de4c11,2,__isr_table_entry_z_irq_spurious_irq_749,,,,8,,,,,,,,,,8,0,8,0
02-c0e744eec3234c1fa44e5d86dfbc3723,2,static_regions_num,,,,1,,,,,,,,,,1,0,1,0
02-c1a3bc9f9f76deccd27d5e1b2e97452a,2,mbedtls_calloc_func,,,,4,,,,,,,,,,4,0,4,0
02-c1f49cc0c435f62c3cc05e938edca348,2,params_nistp256,,,,192,,,,,,,,,,192,0,192,0
02-c38b2715df89dede6c1fe3100a1fe749,2,__isr_table_entry_z_irq_spurious_irq_681,,,,8,,,,,,,,,,8,0,8,0
02-c3a1457a9f143324dfbaadf3d44dc634,2,alen.0,2,2,0.0,2,0.0,2,0.0,2,0.0,2,0.0,2,0.0,2,0.0,2,0.0
02-c3fc7178fb57ce321663d3a8b66fc3f3,2,__isr_table_entry_z_irq_spurious_irq_556,,,,8,,,,,,,,,,8,0,8,0
02-c43fb241d10fe00b8de48ff8f8c53c57,2,prng,,,,64,,,,,,,,,,,,,
02-c45d7328de3db6382a3c3461bc18068e,2,__isr_table_entry_z_irq_spurious_irq_631,,,,8,,,,,,,,,,8,0,8,0
02-c4b81d1bf289c8ca51ed4820efeafdd5,2,__isr_table_entry_z_irq_spurious_irq_701,,,,8,,,,,,,,,,8,0,8,0
02-c51a0d3711e7534c72324b135d5635ae,2,__isr_table_entry_z_irq_spurious_irq_684,,,,8,,,,,,,,,,8,0,8,0
02-c5c4d68186065d928b45264f5334563c,2,__isr_table_entry_z_irq_spurious_irq_713,,,,8,,,,,,,,,,8,0,8,0
02-c5eed3a1306f1d2a5a51698e2b66e474,2,net_buf_fixed_alloc_hci_rx_pool,,,,12,,,,,,,,,,12,0,12,0
02-c644b41f8a14f7d26ce1d8fb0e4ee845,2,__isr_table_entry_z_irq_spurious_irq_732,,,,8,,,,,,,,,,8,0,8,0
02-c693eb628e5f5d4cfecb13f5d8f61db1,2,__isr_table_entry_z_irq_spurious_irq_733,,,,8,,,,,,,,,,8,0,8,0
02-c6f946aa62d639119b447a2e37061e92,2,__isr_table_entry_z_irq_spurious_irq_772,,,,8,,,,,,,,,,8,0,8,0
02-c7f88ddecc361c000233c84aa0825039,2,__isr_table_entry_z_irq_spurious_irq_542,,,,8,,,,,,,,,,8,0,8,0
02-c8599d1502023c7d601ea24660fc9a5c,2,_thread_dummy,144,144,0.0,144,0.0,144,0.0,144,0.0,144,0.0,144,0.0,144,0.0,144,0.0
02-c8c8082df8fbbfb22d7423667d8429e2,2,hex.4,,,,17,,,,,,,,,,17,0,17,0
02-c8d5b4b691b84ba58134a0cecb798afb,2,recycled_work,,,,16,,,,,,,,,,16,0,16,0
02-c90003e1056453234203832ae4f6b09e,2,ba413tags,,,,16,,,,,,,,,,16,0,16,0
02-c902aaf06e1f9628d298dda7a3fc8759,2,dis_pnp_id.lto_priv.0,,,,7,,,,,,,,,,7,0,7,0
02-c961df325146ffbdb0d58ed7a5f58b2f,2,meta_events,,,,72,,,,,,,,,,64,0,64,0
02-c98301cb8c052cb6b6df26fc2c351e1f,2,__isr_table_entry_z_irq_spurious_irq_565,,,,8,,,,,,,,,,8,0,8,0
02-c9b1a046a163c915a2ee0fbb990b639c,2,m_sessions,768,768,0.0,768,0.0,768,0.0,768,0.0,768,0.0,768,0.0,768,0.0,768,0.0
02-ca00c515705a9231967821f733bea322,2,__isr_table_entry_z_irq_spurious_irq_695,,,,8,,,,,,,,,,8,0,8,0
02-ca5ce4c57e0e9993d46361eaec568cff,2,_net_buf_fragments,,,,80,,,,,,,,,,80,0,80,0
02-ca6450937e576b9641e9fdb222077511,2,spi_00_data,,,,120,,,,,,,,,,120,0,120,0
02-ca7ccac9b8fd84b550a8af8c7ec93a15,2,__isr_table_entry_z_irq_spurious_irq_666,,,,8,,,,,,,,,,8,0,8,0
02-cb0d92d6019a5f75b71e233d6c793728,2,m_cb.lto_priv.1,,,,36,,,,,,,,,,84,0,84,0
02-cc8b21835113dc5c59c2b9c15b51d7fb,2,__isr_table_entry_z_irq_spurious_irq_758,,,,8,,,,,,,,,,8,0,8,0
02-ccb236a7994e135f8c286fb971b4d42b,2,prng_pool,,,,128,,,,,,,,,,128,0,128,0
02-ccb25590657e0cc1458f003649fee012,2,__isr_table_entry_z_irq_spurious_irq_743,,,,8,,,,,,,,,,8,0,8,0
02-ccee81d8756473fc081dc0c67d5c05a2,2,initial_run.2,1,1,0.0,1,0.0,1,0.0,1,0.0,1,0.0,1,0.0,1,0.0,1,0.0
02-cd8e9e10ec4333c5b400e7d25e65ad93,2,__isr_table_entry_z_irq_spurious_irq_608,,,,8,,,,,,,,,,8,0,8,0
02-cde5df65b379127b0ec9564221b5dba1,2,__isr_table_entry_z_irq_spurious_irq_678,,,,8,,,,,,,,,,8,0,8,0
02-cedca4f3b02eefff78a5f3722b02ba3d,2,mpsl_lock.lto_priv.0,,,,20,,,,,,,,,,20,0,20,0
02-cef00ebe4d8f4793d8c9aac34240d7fa,2,__isr_table_entry_z_irq_spurious_irq_554,,,,8,,,,,,,,,,8,0,8,0
02-cf551a31d747b2013885ec4fd326b0ff,2,__isr_table_entry_z_irq_spurious_irq_667,,,,8,,,,,,,,,,8,0,8,0
02-d01b137316d197b5a9f33bed75be10ed,2,__isr_table_entry_z_irq_spurious_irq_598,,,,8,,,,,,,,,,8,0,8,0
02-d0cf050413c0e868ea5c10a0d0950ddf,2,conn_mode.lto_priv.0,,,,16,,,,,,,,,,16,0,16,0
02-d2000b323fdda0fae430690fd2cf2893,2,attr_bas,,,,100,,,,,,,,,,100,0,100,0
02-d23ef4d1bc66d48e1395f40aa458cafe,2,__isr_table_entry_z_irq_spurious_irq_656,,,,8,,,,,,,,,,8,0,8,0
02-d31608642cc0ae4cd5042cff8ddaa6cc,2,__devstate_dts_ord_4.lto_priv.0,,,,2,,,,,,,,,,2,0,2,0
02-d325fb18add778e80447427f0af659fb,2,__isr_table_entry_z_irq_spurious_irq_792,,,,8,,,,,,,,,,8,0,8,0
02-d343e6e29cc51639bc48dfff5b41dcfe,2,__isr_table_entry_z_irq_spurious_irq_652,,,,8,,,,,,,,,,8,0,8,0
02-d3a80c858782502defa267bec4f57c7a,2,__isr_table_entry_z_irq_spurious_irq_650,,,,8,,,,,,,,,,8,0,8,0
02-d42ea57ebd39ad028d12234a51179936,2,bt_workq.lto_priv.0,,,,176,,,,,,,,,,176,0,176,0
02-d4c2c314f83eeba0dfe24b1f0f193888,2,__isr_table_entry_z_irq_spurious_irq_719,,,,8,,,,,,,,,,8,0,8,0
02-d56610b5a430e7c909d3162644295f0a,2,g_mpsl_device_ecb,4,4,0.0,4,0.0,4,0.0,4,0.0,4,0.0,4,0.0,4,0.0,4,0.0
02-d58685e6db52287094b00c96d62605c8,2,z_sys_post_kernel,,,,1,,,,,,,,,,1,0,1,0
02-d599c52746e99c6568daa0b1d1fffdd2,2,levels.0,,,,24,,,,,,,,,,24,0,24,0
02-d59d9202487733ae0cf23af19d54cf7f,2,bt_addr_le_any,,,,7,,,,,,,,,,7,0,7,0
02-d6194c68fcc7e79bb57401be603cb1cc,2,arch,25,25,0.0,,,25,0.0,25,0.0,25,0.0,25,0.0,,,,
02-d6199a255363f064144ca7b5d94d67e3,2,__isr_table_entry_z_irq_spurious_irq_602,,,,8,,,,,,,,,,8,0,8,0
02-d6287d5079613afba7078a79d20384c7,2,__isr_table_entry_z_irq_spurious_irq_601,,,,8,,,,,,,,,,8,0,8,0
02-d667c98168bef4543b43d84173392138,2,net_buf_data_hci_cmd_pool,,,,142,,,,,,,,,,142,0,142,0
02-d66fdfdf5796f14b7e2539feb7213e51,2,__isr_table_entry_z_irq_spurious_irq_654,,,,8,,,,,,,,,,8,0,8,0
02-d6cd44b3118dea63c3942bd300bb4c20,2,bt_auth,4,4,0.0,4,0.0,4,0.0,4,0.0,4,0.0,4,0.0,4,0.0,4,0.0
02-d6d801372c029cbd44bd805d2c366714,2,__isr_table_entry_z_irq_spurious_irq_774,,,,8,,,,,,,,,,8,0,8,0
02-d72ec68ef40997fad79d70ecd73b1e7f,2,__isr_table_entry_z_irq_spurious_irq_700,,,,8,,,,,,,,,,8,0,8,0
02-d78028ad87e599f5cad31a7f50625196,2,receive_work,,,,16,,,,,,,,,,16,0,16,0
02-d787b0d1b50b2fb305756bc57562178d,2,ba411cfg,,,,28,,,,,,,,,,28,0,28,0
02-d7b0d783419fac954779e50fabb11b4e,2,__isr_table_entry_z_irq_spurious_irq_564,,,,8,,,,,,,,,,8,0,8,0
02-d960ec095d26730230ee222ac5dffc07,2,uuid128_base,,,,17,,,,,,,,,,17,0,17,0
02-d9a0b0699c4362559a8190ec45727343,2,__devstate_dts_ord_113.lto_priv.0,,,,2,,,,,,,,,,2,0,2,0
02-d9e4dc2b64316557e2bb6bd1e3b6db1c,2,ready_cb.lto_priv.0,,,,4,,,,,,,,,,4,0,4,0
02-dacbeb9066f5f2f21039d6ae11c59eae,2,port_index,,,,3,,,,,,,,,,3,0,3,0
02-daf54bf4a02f20b84c75b242913cd089,2,__isr_table_entry_z_irq_spurious_irq_668,,,,8,,,,,,,,,,8,0,8,0
02-db131ff14fff92756f8b01d70ef400b9,2,__isr_table_entry_z_irq_spurious_irq_683,,,,8,,,,,,,,,,8,0,8,0
02-db375c9de329a5b90a323d5da44a5333,2,kmu_push_area,64,64,0.0,64,0.0,64,0.0,64,0.0,64,0.0,64,0.0,64,0.0,64,0.0
02-db5db518edf8e1076deb7c2f417b4911,2,uuid_16_pool,,,,8,,,,,,,,,,8,0,8,0
02-db9a7ced66237cbc620487a31c561c83,2,m_sca_mapping.0,,,,24,,,,,,,,,,24,0,24,0
02-dbc9dde73a656e22c72bddb2e8aa13de,2,minimal_erase_types,,,,8,,,,,,,,,,8,0,8,0
02-dc5203f0f5920c58fefa02f6737f2114,2,__devstate_dts_ord_122,,,,2,,,,,,,,,,2,0,2,0
02-dc5240e60eb22b21ee7fe011073a4cbb,2,request_2m_phy.lto_priv.0,,,,1,,,,,,,,,,1,0,1,0
02-dce7c4174ce9323904a934a486c41288,2,lock,,,,4,,,,,,,,,,4,0,4,0
02-dd829e84a0523d00b5e2f69f25cbf63f,2,hids_obj_mem_slab,,,,32,,,,,,,,,,32,0,32,0
02-de37988adb04df98f685fc95a97bf6c7,2,net_buf_fixed_sync_evt_pool,,,,4,,,,,,,,,,4,0,4,0
02-de7e7354e30f0c1c31624e01a470d44e,2,__isr_table_entry_z_irq_spurious_irq_579,,,,8,,,,,,,,,,8,0,8,0
02-deda4d368eb5b314ee22208c2e271e65,2,__isr_table_entry_z_irq_spurious_irq_618,,,,8,,,,,,,,,,8,0,8,0
02-df0893220c993ffbeb28b75726e081f7,2,nrf,5981,6233,4.21,,,6217,3.95,5981,0.0,5997,0.27,5981,0.0,,,,
02-df25453e0e4cf059a75512a00220a87d,2,salt.0,,,,16,,,,,,,,,,16,0,16,0
02-df53ef009bfdac606ffbfc978457012f,2,__isr_table_entry_z_irq_spurious_irq_730,,,,8,,,,,,,,,,8,0,8,0
02-df6a5dc957a0d101635f9c12f7cab7df,2,__isr_table_entry_z_irq_spurious_irq_795,,,,8,,,,,,,,,,8,0,8,0
02-df6c13928345957b01e32a7fb3e256b2,2,__isr_table_entry_z_irq_spurious_irq_738,,,,8,,,,,,,,,,8,0,8,0
02-e03d025dc91ea7aec50c8187b6f144a8,2,hci_rx_pool.lto_priv.0,,,,52,,,,,,,,,,52,0,52,0
02-e0637335fe10794739dca787873fe40b,2,bt_addr_le_none,,,,7,,,,,,,,,,7,0,7,0
02-e06a634b7c5284d3d1ee9492782339de,2,hid_keyboard_state.lto_priv.0,,,,7,,,,,,,,,,7,0,7,0
02-e07b8bac1ae6bcbdb7aa6d1d645a2202,2,__isr_table_entry_z_irq_spurious_irq_794,,,,8,,,,,,,,,,8,0,8,0
02-e0cacc6380194dc40a1f0ecd68071f98,2,req_slab,,,,32,,,,,,,,,,32,0,32,0
02-e0d12d7bdb1d9b51f954e17a1147f97b,2,uuid_32_pool,,,,8,,,,,,,,,,8,0,8,0
02-e10015439628ac0020b5cf742f18439e,2,__isr_table_entry_z_irq_spurious_irq_707,,,,8,,,,,,,,,,8,0,8,0
02-e13b62665a6ac3d4b262a46bb9b5299e,2,__isr_table_entry_z_irq_spurious_irq_570,,,,8,,,,,,,,,,8,0,8,0
02-e17ba743ca462b1dc144f08860282ab5,2,__devstate_dts_ord_102,,,,2,,,,,,,,,,2,0,2,0
02-e2aae50c16ebfc380f6f2e8c031e1cb8,2,__isr_table_entry_z_irq_spurious_irq_548,,,,8,,,,,,,,,,8,0,8,0
02-e2d8b1173111135593ff8525858d5043,2,__isr_table_entry_z_irq_spurious_irq_636,,,,8,,,,,,,,,,8,0,8,0
02-e3d8489d564704b3157d4d1242ee7234,2,__isr_table_entry_z_irq_spurious_irq_545,,,,8,,,,,,,,,,8,0,8,0
02-e44f2db777fd42b7917408e1c45d67a8,2,db_hash.lto_priv.0,,,,120,,,,,,,,,,120,0,120,0
02-e451733facddb0afc0b18479b0800bac,2,radio_jobs.4,48,48,0.0,48,0.0,48,0.0,48,0.0,48,0.0,48,0.0,48,0.0,48,0.0
02-e4dfaf7b6822c69e0730ffaed648170a,2,__isr_table_entry_z_irq_spurious_irq_744,,,,8,,,,,,,,,,8,0,8,0
02-e602a679d4523f53f9b4cca657a7eca5,2,k_cracen_irq_event_for_pke,,,,16,,,,,,,,,,16,0,16,0
02-e79853e2b1d72bec467e9cb5afea3282,2,__isr_table_entry_z_irq_spurious_irq_690,,,,8,,,,,,,,,,8,0,8,0
02-e8acc63b1e238f3255c900eed37254b8,2,lib,40,40,0.0,20,-50.0,40,0.0,40,0.0,40,0.0,40,0.0,20,-50.0,20,-50.0
02-e92743dd920a9bce2ae750038e95dfc4,2,__isr_table_entry_z_irq_spurious_irq_604,,,,8,,,,,,,,,,8,0,8,0
02-e9aaad6095adf6bc946066ee17d084b8,2,net_buf_fixed_alloc_discardable_pool,,,,12,,,,,,,,,,12,0,12,0
02-e9c62043d84ca0d473a514052e76983f,2,gpio_nrfx_p1_data.lto_priv.0,,,,12,,,,,,,,,,12,0,12,0
02-ec36120865d8298e10a62b6fa04c1db7,2,__isr_table_entry_z_irq_spurious_irq_647,,,,8,,,,,,,,,,8,0,8,0
02-ec3c445d55c959e8ef4e700adc15e347,2,__isr_table_entry_z_irq_spurious_irq_630,,,,8,,,,,,,,,,8,0,8,0
02-eca3c0115f373ec408f6f52be989aa02,2,__isr_table_entry_z_irq_spurious_irq_638,,,,8,,,,,,,,,,8,0,8,0
02-edd8629a0289590f9fc0793594fd38a7,2,__isr_table_entry_z_irq_spurious_irq_567,,,,8,,,,,,,,,,8,0,8,0
02-eddd7eb646df5e2b19f25199145506ff,2,__isr_table_entry_z_irq_spurious_irq_571,,,,8,,,,,,,,,,8,0,8,0
02-ee1a1f0cf0f10a250084589d57207ac1,2,__isr_table_entry_z_irq_spurious_irq_552,,,,8,,,,,,,,,,8,0,8,0
02-ee5fe10904086488b93783648af4b107,2,cracen_initialized.0,4,4,0.0,4,0.0,4,0.0,4,0.0,4,0.0,4,0.0,4,0.0,4,0.0
02-eef26c5df67566b211103f5b634230da,2,pub_key_gen.lto_priv.0,,,,36,,,,,,,,,,36,0,36,0
02-ef5c1c62c7e7156343961bbc663806ca,2,pub_key_work,,,,16,,,,,,,,,,16,0,16,0
02-ef636462f3922d7178efbf0c5857d584,2,default_flash_map,,,,32,,,,,,,,,,32,0,32,0
02-ef9464e5c5edaaed11ebfd14dfa72257,2,m_signal_event_handle,1,1,0.0,1,0.0,1,0.0,1,0.0,1,0.0,1,0.0,1,0.0,1,0.0
02-f014d103d14b72574998912668509527,2,gpio_nrfx_p2_data.lto_priv.0,,,,12,,,,,,,,,,12,0,12,0
02-f031c75bfaee0ffca27280f81c3b55b7,2,__isr_table_entry_z_irq_spurious_irq_659,,,,8,,,,,,,,,,8,0,8,0
02-f3dfde82ea3ba781debb5fdb87761444,2,k_cracen_irq_event_for_cryptomaster,,,,16,,,,,,,,,,16,0,16,0
02-f4057c6fbd634dedfb7578f19258ca47,2,__isr_table_entry_z_irq_spurious_irq_553,,,,8,,,,,,,,,,8,0,8,0
02-f482ec256e165edc8cb7451e00b2cf17,2,default_settings_zms.0,96,96,0.0,96,0.0,96,0.0,96,0.0,96,0.0,96,0.0,96,0.0,96,0.0
02-f4ac4186befec3d1535166c0addd80dd,2,event_handler.lto_priv.1,,,,4,,,,,,,,,,4,0,4,0
02-f4ad1b82c9f1e667be4c83cfae5d4caf,2,__isr_table_entry_z_irq_spurious_irq_671,,,,8,,,,,,,,,,8,0,8,0
02-f50bb834b05e3bbadabf69076b903467,2,__isr_table_entry_z_irq_spurious_irq_694,,,,8,,,,,,,,,,8,0,8,0
02-f58b0b7cbe212f03e5b72109bb1421aa,2,net_buf_fixed_alloc_fragments,,,,12,,,,,,,,,,12,0,12,0
02-f599082ee87ffdcad7fb4d4e8fdb1e99,2,__isr_table_entry_z_irq_spurious_irq_620,,,,8,,,,,,,,,,8,0,8,0
02-f67a3bc303a1bbba06df3714fe0fed1b,2,drive_modes,,,,9,,,,,,,,,,9,0,9,0
02-f7b8ebcd6eb644273412c45a030fb381,2,att_pool,,,,52,,,,,,,,,,52,0,52,0
02-f7bcde38b7a5661dd3d184a88d0973c3,2,__isr_table_entry_z_irq_spurious_irq_777,,,,8,,,,,,,,,,8,0,8,0
02-f7c68a8e35f297286f49d85713e95929,2,__isr_table_entry_z_irq_spurious_irq_798,,,,8,,,,,,,,,,8,0,8,0
02-f7df4a15b86d5cbeec9403b163ca5f3d,2,gatt_delayed_store.lto_priv.0,,,,96,,,,,,,,,,96,0,96,0
02-f80539f6f6a8a29c8582ef0aa291102d,2,tx_work,,,,16,,,,,,,,,,16,0,16,0
02-f8363a6660d14a24882f2b4062e05088,2,__isr_table_entry_z_irq_spurious_irq_718,,,,8,,,,,,,,,,8,0,8,0
02-f901b02f1f9945dd691fb1d53618ac7f,2,hello_world_str.lto_priv.0,,,,6,,,,,,,,,,6,0,6,0
02-f94b7dcef68abddb5f5207d7f09092ed,2,flags.0,,1,,1,0,,,,,1,0,,,1,0,,
02-f992de398a1d8b517297a0b73aa99b00,2,mbedtls_threading_key_slot_mutex,,,,20,,,,,,,,,,20,0,20,0
02-f9dd02e2b7574121a46646057962eec0,2,button_handler_mut,,,,20,,,,,,,,,,20,0,20,0
02-fa05914edaa05371db5014f4ccbe2da0,2,net_buf_fixed_att_pool,,,,4,,,,,,,,,,4,0,4,0
02-fa0bcf03a24a21405093a67e9517688a,2,__pinctrl_state_pins_0__device_dts_ord_102,,,,16,,,,,,,,,,16,0,16,0
02-fa87a29cec6f9ce04d9b2ed8dde0080e,2,report_map.0,,,,63,,,,,,,,,,63,0,63,0
02-fa9e63a66e9a24db464c4453be0a6004,2,pairing_button_pressed.2,1,1,0.0,1,0.0,1,0.0,1,0.0,1,0.0,1,0.0,1,0.0,1,0.0
02-faa725230deed50b451cb3c8e595e632,2,conn_auth_callbacks,,,,24,,,,,,,,,,24,0,24,0
02-fac755350b9619a7cf5ddcdfa8c90120,2,request_conn_param_update.lto_priv.0,,,,1,,,,,,,,,,1,0,1,0
02-faca60aa9dc2615a93a3759c5ad6aaea,2,disconnected_handles,,,,4,,,,,,,,,,4,0,4,0
02-fb05f69ac1761b385b5f821b599762e1,2,_net_buf_discardable_pool,,,,84,,,,,,,,,,84,0,84,0
02-fb7868f2cd2eaa173f016604805aab49,2,bt_auth_info_cbs,8,8,0.0,8,0.0,8,0.0,8,0.0,8,0.0,8,0.0,8,0.0,8,0.0
02-fb8065d087a471f2612a4501da4279ce,2,__isr_table_entry_z_irq_spurious_irq_582,,,,8,,,,,,,,,,8,0,8,0
02-fc00bc36ec0093c49164d40caa1d6554,2,_k_fifo_buf_mitm_queue,,,,16,,,,,,,,,,16,0,16,0
02-fc8f5157bc9480cd276ef9a51b4da205,2,__pinctrl_dev_config__device_dts_ord_102,,,,12,,,,,,,,,,12,0,12,0
02-fd7c75fc223dbe157e1a03d89bb510fd,2,__isr_table_entry_z_irq_spurious_irq_669,,,,8,,,,,,,,,,8,0,8,0
02-fdec09a5f51e9a78bb72ed6946f583c1,2,sc_public_key,,,,4,,,,,,,,,,4,0,4,0
02-fe34bb0a1e761f6e48bff327960ecd16,2,__pinctrl_states__device_dts_ord_102,,,,8,,,,,,,,,,8,0,8,0
02-fe65966e9a65aa12b2f1734e09ef7587,2,prio_events,,,,40,,,,,,,,,,40,0,40,0
02-fe69fd0a878b10d190c924b2398bad9c,2,drivers,378,378,0.0,,,378,0.0,378,0.0,378,0.0,378,0.0,,,,
02-fed317d7a0fe18f44172be1a7db8096c,2,__isr_table_entry_z_irq_spurious_irq_790,,,,8,,,,,,,,,,8,0,8,0
02-ff3627ceddf194a904bfc48f325ec41c,2,silex_pk_engine,,,,112,,,,,,,,,,,,,
02-ffd58d189f6f0a4ee5d5f0bf3c323ef5,2,__isr_table_entry_z_irq_spurious_irq_616,,,,8,,,,,,,,,,8,0,8,0
03-020a8cfa922969a0b9035333f45988c3,3,ncs,4822,5354,11.03,2689,-44.23,5350,10.95,4822,0.0,4826,0.08,3329,-30.96,4541,-5.83,2685,-44.32
03-0b0760e072413088ea8460c3b4f43dbe,3,spi,138,138,0.0,,,138,0.0,138,0.0,138,0.0,138,0.0,,,,
03-1cb1159e7da1396bb694434a958c45ce,3,init.c,321,321,0.0,,,321,0.0,321,0.0,321,0.0,321,0.0,,,,
03-20a2fb1756e57575dd4d370cac1f07a7,3,condvar.c,4,4,0.0,,,4,0.0,4,0.0,4,0.0,4,0.0,,,,
03-213c7980207cea7201cff8d664caf150,3,clock_control,94,94,0.0,,,94,0.0,94,0.0,94,0.0,94,0.0,,,,
03-220b2a9ccbd0bf6d61dd085da17c5380,3,work.c,12,12,0.0,,,12,0.0,12,0.0,12,0.0,12,0.0,,,,
03-239d44f09ba4c853288f72de00e8538b,3,timeout.c,24,24,0.0,,,24,0.0,24,0.0,24,0.0,24,0.0,,,,
03-261ec5b4f78e6414af1f2102e74f4980,3,mutex.c,4,4,0.0,,,4,0.0,4,0.0,4,0.0,4,0.0,,,,
03-2c127bf32ccb4edf2bf22fea5a00e494,3,timer,28,28,0.0,,,28,0.0,28,0.0,28,0.0,28,0.0,,,,
03-2e5d8aa3dfa8ef34ca5131d20f9dad51,3,settings,49,49,0.0,,,49,0.0,49,0.0,49,0.0,49,0.0,,,,
03-37a184204b9448f00fb83003d8a6cc69,3,entropy,4,4,0.0,,,4,0.0,4,0.0,4,0.0,4,0.0,,,,
03-5ae9b7f211e23aac3df5f2b8f3b8eada,3,crypto,1472,1472,0.0,,,1472,0.0,1472,0.0,1472,0.0,1472,0.0,,,,
03-67e92c8765a9bc7fb2d335c459de9eb5,3,work,416,416,0.0,713,71.39,416,0.0,416,0.0,416,0.0,411,-1.2,718,72.6,713,71.39
03-74136b24217cb75599440e6e1d807cf7,3,serial,12,12,0.0,,,12,0.0,12,0.0,12,0.0,12,0.0,,,,
03-7abb446738b4dfa1b0d7734371b8946e,3,net_buf,4,4,0.0,,,4,0.0,4,0.0,4,0.0,4,0.0,,,,
03-7dfd0916e87aaa90a45bf1ec3391e970,3,subsys,5787,6039,4.35,,,6023,4.08,5787,0.0,5803,0.28,5787,0.0,,,,
03-820f20aaff1a08fa09ed2471da8e8e10,3,sem.c,4,4,0.0,,,4,0.0,4,0.0,4,0.0,4,0.0,,,,
03-955871c9778abe2297251e689899dcdc,3,gpio,42,42,0.0,,,42,0.0,42,0.0,42,0.0,42,0.0,,,,
03-9abfc3fa0a586782b875ee02ad45dcd8,3,bluetooth,11054,11070,0.14,,,11070,0.14,11054,0.0,11054,0.0,11054,0.0,,,,
03-a39401275d1b300aa789fb22aea4148a,3,flash,60,60,0.0,,,60,0.0,60,0.0,60,0.0,60,0.0,,,,
03-bda16fa0e64e7aad8ddd86b71b0c308c,3,system_work_q.c,2048,2048,0.0,,,2048,0.0,2048,0.0,2048,0.0,2048,0.0,,,,
03-c80a73b78d3d460ce9f1d222a87714b0,3,poll.c,4,4,0.0,,,4,0.0,4,0.0,4,0.0,4,0.0,,,,
03-cde9e8dec3ca8de88aa6cf61c1c0252c,3,hal,336,336,0.0,,,336,0.0,336,0.0,336,0.0,336,0.0,,,,
03-dd302f94682dbd2a114d63b0433602e0,3,os,4,4,0.0,,,4,0.0,4,0.0,4,0.0,4,0.0,,,,
03-e5823ba08cf6f8acc6662017ec572078,3,libc,32,32,0.0,20,-37.5,32,0.0,32,0.0,32,0.0,32,0.0,20,-37.5,20,-37.5
03-e8acc63b1e238f3255c900eed37254b8,3,lib,122,122,0.0,,,122,0.0,122,0.0,122,0.0,122,0.0,,,,
03-f843a7390a4012d214747466b1f97def,3,timeslicing.c,37,37,0.0,,,37,0.0,37,0.0,37,0.0,37,0.0,,,,
03-f926b3e222d7afee57071b2256839701,3,arm,25,25,0.0,,,25,0.0,25,0.0,25,0.0,25,0.0,,,,
03-fe69fd0a878b10d190c924b2398bad9c,3,drivers,72,72,0.0,,,72,0.0,72,0.0,72,0.0,72,0.0,,,,
