uuid,level,name,std1,stdz1,stdz1(%),opt1,opt1(%),app1,app1(%),app2,app2(%),feat1,feat1(%),feat2,feat2(%),feat3,feat3(%),feat4,feat4(%),feat5,feat5(%),feat6,feat6(%),feat7,feat7(%),feat8,feat8(%),feat9,feat9(%),feat10,feat10(%)
00-fa03eb688ad8aa1db593d33dabd89bad,0,Root,255028,231520,-9.22,229904,-9.85,256144,0.44,231020,-9.41,259168,1.62,306040,20.0,255012,-0.01,257200,0.85,255180,0.06,317459,24.48,255028,0.0,258756,1.46,281556,10.4,281556,10.4
01-09498dbadf45966909850dc8a47ebb13,1,WORKSPACE,46446,42764,-7.93,46394,-0.11,46446,0.0,46394,-0.11,46714,0.58,46762,0.68,46446,0.0,46522,0.16,46446,0.0,59661,28.45,46446,0.0,46514,0.15,47400,2.05,47400,2.05
01-60f3b1ff9b396408039047bbde339c46,1,(hidden),27288,26677,-2.24,25920,-5.01,27453,0.6,26085,-4.41,28080,2.9,28002,2.62,27290,0.01,27599,1.14,27332,0.16,35441,29.88,27288,0.0,27605,1.16,32383,18.67,32383,18.67
01-665b1ea1222d25c5af30f0aec9f1f04e,1,(no paths),86034,7339,-91.47,62330,-27.55,86049,0.02,62345,-27.53,88678,3.07,136016,58.1,86034,0.0,86513,0.56,86034,0.0,121071,40.72,86034,0.0,87569,1.78,86529,0.58,86529,0.58
01-6666cd76f96956469e7be39d750cc7d9,1,/,0,0,0,0,0,0,0,0,0,0,0,0,0,0,0,0,0,0,0,0,0,0,0,0,0,0,0,0,0
01-7db78365898c456bd7c383d01c5a6853,1,OUTPUT_DIR,1122,1122,0.0,1122,0.0,1122,0.0,1122,0.0,1122,0.0,1122,0.0,1122,0.0,1122,0.0,1122,0.0,1122,0.0,1122,0.0,1122,0.0,1140,1.6,1140,1.6
01-bb1836de191ead431509f5d1b910124d,1,ZEPHYR_BASE,94138,153618,63.18,94138,0.0,95074,0.99,95074,0.99,94574,0.46,94138,0.0,94120,-0.02,95444,1.39,94246,0.11,100164,6.4,94138,0.0,95946,1.92,114104,21.21,114104,21.21
02-00431a577338786768a0730c93d08e90,2,mpsl_clock_hfclk_release,40,,,40,0.0,40,0.0,40,0.0,40,0.0,40,0.0,40,0.0,40,0.0,40,0.0,40,0.0,40,0.0,40,0.0,40,0.0,40,0.0
02-01fed0852e23f67c30cda066ffb5820e,2,radio_stop,,2,,,,,,,,,,,,,,,,,,,,,,,,,,,
02-028788454cac7df4a7c9e18a92c0ea59,2,pdu_validate_min_used_chan_ind,,14,,,,,,,,,,,,,,,,,,,,,,,,,,,
02-030af2f0b8ce6af5aec571117c688ff1,2,sdc_hci_cmd_le_cs_security_enable,,,,,,,,,,,,4,,,,,,,,,,,,,,,,,
02-03da88b3960003e51bc67c7bb0386999,2,sx_curve_nistp256,12,12,0.0,12,0.0,12,0.0,12,0.0,12,0.0,12,0.0,12,0.0,12,0.0,12,0.0,12,0.0,12,0.0,12,0.0,12,0.0,12,0.0
02-03f3607de693d03fe186bc9470d617a7,2,sdc_hci_cmd_le_set_scan_enable,4,,,4,0.0,4,0.0,4,0.0,4,0.0,4,0.0,4,0.0,4,0.0,4,0.0,4,0.0,4,0.0,4,0.0,4,0.0,4,0.0
02-04627c3aefa1c68d7e565516a4f021a6,2,strtol,,,,,,,,,,,,,,,,,,,,236,,,,,,,,,
02-0465f9d9258d3ff16d4ab276b7ac447a,2,net_buf_fixed_cb,12,12,0.0,12,0.0,12,0.0,12,0.0,12,0.0,12,0.0,12,0.0,12,0.0,12,0.0,12,0.0,12,0.0,12,0.0,12,0.0,12,0.0
02-05533e7a0ea600c6bb6eb9a734919be1,2,gatt_conn_cb.0,32,32,0.0,32,0.0,44,37.5,44,37.5,36,12.5,32,0.0,32,0.0,32,0.0,32,0.0,32,0.0,32,0.0,32,0.0,32,0.0,32,0.0
02-05a2783a269473d68e7d11e1d2f18ff7,2,CSWTCH.*,,,,,,,,,,,,,,,,,,,,,,,,,,341,,341,0
02-05ec52560623b8198de6740a8dd7e70e,2,sdc_hci_cmd_le_clear_filter_accept_list,4,,,4,0.0,4,0.0,4,0.0,4,0.0,4,0.0,4,0.0,4,0.0,4,0.0,4,0.0,4,0.0,4,0.0,4,0.0,4,0.0
02-0608eaefe83084a9971a8068e83aaf57,2,__aeabi_memcpy8,,,,,,,,,,,,,,,,,,26,,,,,,26,0,,,,
02-07577ff17e8de9b5f9e9a01e79a13fb4,2,shell_uart_transport_api,,,,,,,,,,,,,,,,,,,,,,,,,,24,,24,0
02-0830ba6cef27a110a2c59b052f95a9a0,2,mpsl_low_priority_process,4,,,4,0.0,4,0.0,4,0.0,4,0.0,4,0.0,4,0.0,4,0.0,4,0.0,4,0.0,4,0.0,4,0.0,4,0.0,4,0.0
02-0840b53f25750516ae68d62c0d5c14dc,2,sdc_hci_cmd_le_read_remote_features,4,,,4,0.0,4,0.0,4,0.0,4,0.0,4,0.0,4,0.0,4,0.0,4,0.0,4,0.0,4,0.0,4,0.0,4,0.0,4,0.0
02-08a3d5c99bb583e663b7716471c35c2b,2,tabulator.2,,,,,,,,,,,,,,,,,,,,,,,,,,3,,3,0
02-090b3e136397d9fc1c3ba5cfd59827d9,2,m.10,,16,,,,,,,,,,,,,,,,,,,,,,,,,,,
02-09a211323185172a3285a9fa5e7b75f4,2,sdc_hci_cmd_le_set_adv_params,,,,,,,,,,,,,,,,,,,,4,,,,,,,,,
02-0a25562eeb319139904f7496ed69271a,2,ocrypto_mod_p256_sqr,,,,,,,,,,,,,,,,,,,,48,,,,,,,,,
02-0a4338ea3651b750487758d27cb904c1,2,ops.0,40,40,0.0,40,0.0,40,0.0,40,0.0,40,0.0,40,0.0,40,0.0,40,0.0,40,0.0,40,0.0,40,0.0,40,0.0,40,0.0,40,0.0
02-0c5f998738fb1fba524f02b12df0936d,2,ocrypto_sha256_loop,,,,,,,,,,,,,,,,,,,,820,,,,,,,,,
02-0c74319fbcff8e4bb9cc6b7af7722831,2,mfy.5,,16,,,,,,,,,,,,,,,,,,,,,,,,,,,
02-0d6885505059076eccf2f00193836fa2,2,sdc_hci_cmd_le_cs_write_cached_remote_supported_capabilities,,,,,,,,,,,,4,,,,,,,,,,,,,,,,,
02-0db62b86e8f39f5607bcfdae9cf94f3c,2,wait_q.0,,,,,,,,,,,,,,,,,,,,,,,,,,8,,8,0
02-0eb9b3af2e4a00837a1b1a854c9ea18c,2,modules,13659,14523,6.33,13659,0.0,13659,0.0,13659,0.0,13659,0.0,13659,0.0,13659,0.0,13667,0.06,13659,0.0,13659,0.0,13659,0.0,13659,0.0,13659,0.0,13659,0.0
02-1003d7d17e0068ffa89071fa06bc4afd,2,sdc_hci_cmd_le_set_default_phy,4,,,4,0.0,4,0.0,4,0.0,4,0.0,4,0.0,4,0.0,4,0.0,4,0.0,4,0.0,4,0.0,4,0.0,4,0.0,4,0.0
02-11a073fbb7de02da60f4e82b746a2033,2,m.11,,16,,,,,,,,,,,,,,,,,,,,,,,,,,,
02-12e6356573b9ccf91c5011abe9ddd59b,2,mfy.7,,16,,,,,,,,,,,,,,,,,,,,,,,,,,,
02-14531855120b874f1c54ad81f2b1a743,2,mpsl_is_initialized,12,,,12,0.0,12,0.0,12,0.0,12,0.0,12,0.0,12,0.0,12,0.0,12,0.0,12,0.0,12,0.0,12,0.0,12,0.0,12,0.0
02-1529636d7a6690fe864707082b217426,2,__floatsidf,,,,,,,,,,,,,,,,,,,,34,,,,,,,,,
02-15471298a00f9cb185b03dcaadafd432,2,mpsl_ecb_block_encrypt_extended,16,,,16,0.0,16,0.0,16,0.0,16,0.0,16,0.0,16,0.0,16,0.0,16,0.0,16,0.0,16,0.0,16,0.0,16,0.0,16,0.0
02-1563d57a2fbbd7ccc9f840c4ef99a6b2,2,__device_dts_ord_10,20,20,0.0,20,0.0,20,0.0,20,0.0,20,0.0,20,0.0,20,0.0,20,0.0,20,0.0,20,0.0,20,0.0,20,0.0,24,20.0,24,20.0
02-15a0b175a666af94be9f8fe1bfaaa14f,2,__subdf3,,,,,,,,,,,,,,,,,,,,634,,,,,,,,,
02-165d389be7e2f0063375cc34e319ce48,2,ocrypto_aes_ecb_decrypt,,,,,,,,,,,,,,,,,,,,72,,,,,,,,,
02-17f7b57db91243313cfe4348ab99dff6,2,sdc_hci_cmd_le_set_default_subrate,,,,,,,,,,4,,,,,,,,,,,,,,,,,,,
02-186c3c0f84230707910945c4b734c348,2,gatt_read_mult_vl_encode,4,4,0.0,4,0.0,4,0.0,4,0.0,4,0.0,4,0.0,4,0.0,4,0.0,4,0.0,4,0.0,4,0.0,4,0.0,4,0.0,4,0.0
02-187062a2c9dd4b77dd99a8d3bc381981,2,const_table,,,,,,,,,,,,,,,,,,,,256,,,,,,,,,
02-187e0cc955574a504d8b5a735936660c,2,sdc_hci_cmd_le_set_adv_data,,,,,,,,,,,,,,,,,,,,4,,,,,,,,,
02-18d627716a6c8f54e1778dd4fd788eee,2,sdc_hci_cmd_le_long_term_key_request_reply,,,,,,,,,,,,,,,,,,,,8,,,,,,,,,
02-196619566c722e6b26550137870b82c0,2,__aeabi_memmove8,,,,,,,,,,,,,,,,,,,,,,,,,,52,,,
02-19fc55dc23d46a62d5d51a114b581d45,2,sdc_hci_cmd_vs_conn_update,100,,,100,0.0,100,0.0,100,0.0,100,0.0,100,0.0,100,0.0,100,0.0,100,0.0,100,0.0,100,0.0,100,0.0,100,0.0,100,0.0
02-1b106abd35545367c66f3cfa318936c7,2,sdc_hci_cmd_vs_get_next_conn_event_counter,30,,,30,0.0,30,0.0,30,0.0,30,0.0,30,0.0,30,0.0,30,0.0,30,0.0,30,0.0,30,0.0,30,0.0,30,0.0,30,0.0
02-1bad3c00dded1e49ada0434ab84bd112,2,__device_dts_ord_4,20,20,0.0,20,0.0,20,0.0,20,0.0,20,0.0,20,0.0,20,0.0,20,0.0,20,0.0,20,0.0,20,0.0,20,0.0,24,20.0,24,20.0
02-1bdd327417110e0179060c5883d673b2,2,ocrypto_aes_ecb_encrypt,,,,,,,,,,,,,,,,,,,,72,,,,,,,,,
02-1c29ac0ab69660bfc944d1a913ecda64,2,cq,,,,,,,,,,,,,,,,,,,,32,,,,,,,,,
02-1c308851428efdb7417604857b2a39ee,2,CSWTCH.*,,,,,,,,,,,,,,,,,,,,,,,,356,,,,,
02-1ca5f54e09d3390089c6b8e0b100f985,2,ocrypto_bigint_cswap256,,,,,,,,,,,,,,,,,,,,50,,,,,,,,,
02-1d67a8fbeff7661c831f485964fbd24e,2,att_handle_read_blob_rsp,4,4,0.0,4,0.0,4,0.0,4,0.0,4,0.0,4,0.0,4,0.0,4,0.0,4,0.0,4,0.0,4,0.0,4,0.0,4,0.0,4,0.0
02-1dc29b58647256561f4f00d7a5ab0e7f,2,mpu_config,8,8,0.0,8,0.0,8,0.0,8,0.0,8,0.0,8,0.0,8,0.0,8,0.0,8,0.0,8,0.0,8,0.0,8,0.0,8,0.0,8,0.0
02-1de2f0e7f84472c209531d7fb98f7367,2,sdc_hci_cmd_lc_disconnect,4,,,4,0.0,4,0.0,4,0.0,4,0.0,4,0.0,4,0.0,4,0.0,4,0.0,4,0.0,4,0.0,4,0.0,4,0.0,4,0.0
02-1e2bf60493578b5f49986ac837c42da9,2,ocrypto_constant_time_xor,,,,,,,,,,,,,,,,,,,,24,,,,,,,,,
02-1ef4b6e13d8f6cd393f65059014dd3db,2,__aeabi_ul2d,,,,,,,,,,,,,,,,,,,,106,,,,,,,,,
02-1f267d237f36ee4f7daebfaca13bbbf1,2,llcp_pdu_decode_phy_rsp,,28,,,,,,,,,,,,,,,,,,,,,,,,,,,
02-1fd2bc9373a5051c13b6a464812d220f,2,sdc_hci_cmd_le_clear_resolving_list,4,,,4,0.0,4,0.0,4,0.0,4,0.0,4,0.0,4,0.0,4,0.0,4,0.0,4,0.0,4,0.0,4,0.0,4,0.0,4,0.0
02-1ff749f9877b82913a087a6fce1668bf,2,sdc_support_adv,,,,,,,,,,,,,,,,,,,,40,,,,,,,,,
02-209f3fbd4df7018f2b277f9dafdcc25f,2,att_handle_exec_write_rsp,4,4,0.0,4,0.0,4,0.0,4,0.0,4,0.0,4,0.0,4,0.0,4,0.0,4,0.0,4,0.0,4,0.0,4,0.0,4,0.0,4,0.0
02-21d85f5a71e32023331b13017eceeabe,2,cmd_get_terminal_size.0,,,,,,,,,,,,,,,,,,,,,,,,,,5,,5,0
02-22ed0daba86e7c1e4b68a251fdc7e937,2,p256_zdblu,,,,,,,,,,,,,,,,,,,,184,,,,,,,,,
02-23d2b15f5c0cecddd107c637176e970b,2,cfg_flags.0,,,,,,,,,,,,,,,,,,,,,,,,,,4,,4,0
02-23e3ca5bf569f40b0ab2615bb1f16ca4,2,pdu_validate_length_req,,14,,,,,,,,,,,,,,,,,,,,,,,,,,,
02-2438921d530dacb12b45ebb0125b3a62,2,sdc_hci_cmd_ip_read_local_version_information,4,,,4,0.0,4,0.0,4,0.0,4,0.0,4,0.0,4,0.0,4,0.0,4,0.0,4,0.0,4,0.0,4,0.0,4,0.0,4,0.0
02-24c33103069b0f0e7879ad8f2ff2d333,2,strcmp,20,20,0.0,20,0.0,20,0.0,20,0.0,20,0.0,20,0.0,20,0.0,20,0.0,20,0.0,20,0.0,20,0.0,20,0.0,20,0.0,20,0.0
02-250aedc1e05f812347f2c087cc596c6a,2,ocrypto_hmac_sha256,,,,,,,,,,,,,,,,,,,,726,,,,,,,,,
02-26f99cabd3c36a714a8526d05eca82bc,2,CSWTCH.*,,,,,,,,,,341,,,,,,,,,,,,,,,,,,,
02-27910bc25740bd3e1bff74124dc0bf71,2,mpsl_fem_tx_power_split,20,,,20,0.0,20,0.0,20,0.0,20,0.0,20,0.0,20,0.0,20,0.0,20,0.0,20,0.0,20,0.0,20,0.0,20,0.0,20,0.0
02-27c1fddba4a03bf70b2f953cf2ea5433,2,sdc_hci_cmd_le_set_data_related_address_changes,,,,,,,,,,,,,,,,,,,,4,,,,,,,,,
02-288267125d7fcf73765d8cefb82f9b09,2,mfy.3,,16,,,,,,,,,,,,,,,,,,,,,,,,,,,
02-28ba64f5d894447c9ed6dd80bb8a743f,2,nordic_str.1,24,24,0.0,24,0.0,24,0.0,24,0.0,24,0.0,24,0.0,24,0.0,24,0.0,24,0.0,24,0.0,24,0.0,24,0.0,24,0.0,24,0.0
02-290b8fe62298678eff699dac6a42a3c7,2,sdc_hci_cmd_vs_zephyr_read_version_info,56,,,56,0.0,56,0.0,56,0.0,56,0.0,56,0.0,56,0.0,56,0.0,56,0.0,56,0.0,56,0.0,56,0.0,56,0.0,56,0.0
02-291d3afca503bd4638f5f5874d072b22,2,sdc_hci_cmd_le_reject_cis_request,4,,,,,4,0.0,,,4,0.0,4,0.0,4,0.0,4,0.0,4,0.0,4,0.0,4,0.0,4,0.0,4,0.0,4,0.0
02-295023daf00d41f489aba20e9fda7b2b,2,pdu_validate_ping_rsp,,14,,,,,,,,,,,,,,,,,,,,,,,,,,,
02-2b17117f3ee7bc0e8a67cdbc0ff5fca4,2,sha256_blocks.constprop.0,,,,,,,,,,,,,,,,,,,,116,,,,,,,,,
02-2d5925229dd0cf8ce42558ba1077f552,2,sdc_hci_cmd_vs_peripheral_latency_mode_set,,,,,,,,,,,,,,,,,,,,8,,,,,,,,,
02-2e1cfe8e312ef6be7c43437165df99bd,2,sdc_rand_source_register,16,,,16,0.0,16,0.0,16,0.0,16,0.0,16,0.0,16,0.0,16,0.0,16,0.0,16,0.0,16,0.0,16,0.0,16,0.0,16,0.0
02-2f158c4731d76d5975b8546d85de1b34,2,C:\,2284,2284,0.0,2284,0.0,2296,0.53,2296,0.53,2288,0.18,2284,0.0,2284,0.0,2284,0.0,2284,0.0,2288,0.18,2284,0.0,2284,0.0,2284,0.0,2284,0.0
02-3064bc7e010ccf2a0382caf42c9687e8,2,p256_zaddu,,,,,,,,,,,,,,,,,,,,152,,,,,,,,,
02-30f9be907da08e8ec429c10d66f53c9f,2,ocrypto_mod_p256_to_bytes,,,,,,,,,,,,,,,,,,,,50,,,,,,,,,
02-319b5998335c1a61df7d80b754f9d40f,2,llcp_pdu_decode_length_rsp,,80,,,,,,,,,,,,,,,,,,,,,,,,,,,
02-32af5b9b89ccb5846acd3a7bff058ef9,2,sdc_hci_cmd_le_write_suggested_default_data_length,4,,,4,0.0,4,0.0,4,0.0,4,0.0,4,0.0,4,0.0,4,0.0,4,0.0,4,0.0,4,0.0,4,0.0,4,0.0,4,0.0
02-3372af3c02900bba27f6c78efc20d0b8,2,__udivmoddi4,668,668,0.0,668,0.0,668,0.0,668,0.0,668,0.0,668,0.0,668,0.0,668,0.0,668,0.0,668,0.0,668,0.0,668,0.0,668,0.0,668,0.0
02-33b309a10b2f4936997a72d144b3ad7c,2,sdc_hci_cmd_le_remove_device_from_resolving_list,4,,,4,0.0,4,0.0,4,0.0,4,0.0,4,0.0,4,0.0,4,0.0,4,0.0,4,0.0,4,0.0,4,0.0,4,0.0,4,0.0
02-349e04cd5af966035e651f5a5c2312db,2,find_next,,,,,,,,,,,,,,,,,,,,6,,,,,,,,,
02-35dcf79f4bb7f5a38294e23f9d3f450b,2,sdc_hci_cmd_le_set_data_length,4,,,4,0.0,4,0.0,4,0.0,4,0.0,4,0.0,4,0.0,4,0.0,4,0.0,4,0.0,4,0.0,4,0.0,4,0.0,4,0.0
02-369c05cc174c955d53da09856e5565c8,2,sdc_hci_cmd_le_write_rf_path_compensation,,,,,,,,,,,,,,,,4,,,,,,,,4,0,,,,
02-36e3252034447fad7e24ac6e5520c89a,2,__l_vfprintf,1204,1204,0.0,1204,0.0,1204,0.0,1204,0.0,1204,0.0,1204,0.0,1204,0.0,1204,0.0,1204,0.0,1204,0.0,1204,0.0,1204,0.0,1204,0.0,1204,0.0
02-37116fb118c85a0a3d4808cc56c490a8,2,mpsl_fem_utils_available_cc_channels_cache,64,,,64,0.0,64,0.0,64,0.0,64,0.0,64,0.0,64,0.0,64,0.0,64,0.0,64,0.0,64,0.0,64,0.0,64,0.0,64,0.0
02-37247a44a7549e18c0b734da14579da3,2,ocrypto_sc_p256_from32bytes,,,,,,,,,,,,,,,,,,,,84,,,,,,,,,
02-37cfebef8bec93c3fe1cd48a12383662,2,ocrypto_aes_key_schedule,,,,,,,,,,,,,,,,,,,,130,,,,,,,,,
02-386ded15827584aee3f64bf5b5b7b443,2,sdc_hci_get,32,,,32,0.0,32,0.0,32,0.0,32,0.0,32,0.0,32,0.0,32,0.0,32,0.0,32,0.0,32,0.0,32,0.0,32,0.0,32,0.0
02-38d7b76b771634bb6aaae4ffde5922a8,2,_sw_isr_table,2168,2168,0.0,2168,0.0,2168,0.0,2168,0.0,2168,0.0,2168,0.0,2168,0.0,2168,0.0,2168,0.0,2168,0.0,2168,0.0,2168,0.0,2168,0.0,2168,0.0
02-3b68c8058a2d6ba9e002a0bf8348e2f5,2,var_str.0,16,16,0.0,16,0.0,16,0.0,16,0.0,16,0.0,16,0.0,16,0.0,16,0.0,16,0.0,16,0.0,16,0.0,16,0.0,16,0.0,16,0.0
02-3c1d2ae4050762e3771f5e2a28a98876,2,ocrypto_sqr256_noframe,,,,,,,,,,,,,,,,,,,,278,,,,,,,,,
02-3d18de3e4181c58ca30b93dcbc05c292,2,sha256_blocks,,,,,,,,,,,,,,,,,,,,188,,,,,,,,,
02-3d941adff64c5d52cc59795d188ad3e1,2,ocrypto_constant_time_equal,,,,,,,,,,,,,,,,,,,,38,,,,,,,,,
02-3db7dc0057a435fef710653759da812b,2,sdc_hci_cmd_le_set_host_feature,,,,,,,,,,4,,4,0,,,,,,,,,,,,,,,,
02-3e075d80832bfdfc6391793b3e79aa50,2,ocrypto_constant_time_is_zero,,,,,,,,,,,,,,,,,,,,26,,,,,,,,,
02-40107b4903bf893c5c2d378bad0078cb,2,sdc_hci_cmd_le_add_device_to_filter_accept_list,4,,,4,0.0,4,0.0,4,0.0,4,0.0,4,0.0,4,0.0,4,0.0,4,0.0,4,0.0,4,0.0,4,0.0,4,0.0,4,0.0
02-40368bcde44385884b95b32a565e3a65,2,ocrypto_bigint_cadd256,,,,,,,,,,,,,,,,,,,,92,,,,,,,,,
02-4097fa1eb4ce28897aa7acf331b24215,2,__fixunsdfsi,,,,,,,,,,,,,,,,,,,,64,,,,,,,,,
02-40f9d6a270ce403168b27be8f621bb09,2,llcp_pdu_decode_conn_param_rsp,,70,,,,,,,,,,,,,,,,,,,,,,,,,,,
02-41be535153c4b535bc9d0a610d3bd66b,2,stderr,4,4,0.0,4,0.0,,,4,0.0,4,0.0,4,0.0,4,0.0,,,,,4,0.0,,,4,0.0,4,0.0,,
02-427d22b2582ea2c78bf73f049a83f08f,2,sdc_hci_cmd_cb_set_event_mask,10,,,10,0.0,10,0.0,10,0.0,10,0.0,10,0.0,10,0.0,10,0.0,10,0.0,10,0.0,10,0.0,10,0.0,10,0.0,10,0.0
02-4287a4df4ae50ebfb8cb668ef27e7b98,2,memcmp,32,32,0.0,32,0.0,32,0.0,32,0.0,32,0.0,32,0.0,32,0.0,32,0.0,32,0.0,32,0.0,32,0.0,32,0.0,32,0.0,32,0.0
02-4479f16218052d17653c9c579c7fefb6,2,ocrypto_sha256_update,,,,,,,,,,,,,,,,,,,,428,,,,,,,,,
02-44819ed8ffb16a197167dc84918ffc76,2,last_adv_mode.1,,,,,,,,,,,,,,,,,,,,1,,,,,,,,,
02-44bc0db5d2dd6c5374bff9488d9fe398,2,sdc_hci_cmd_lc_read_remote_version_information,4,,,4,0.0,4,0.0,4,0.0,4,0.0,4,0.0,4,0.0,4,0.0,4,0.0,4,0.0,4,0.0,4,0.0,4,0.0,4,0.0
02-4652480a53d1dd1883fa73da28d772b7,2,mpsl_calibration_timer_handle,28,,,28,0.0,28,0.0,28,0.0,28,0.0,28,0.0,28,0.0,28,0.0,28,0.0,28,0.0,28,0.0,28,0.0,28,0.0,28,0.0
02-4687293ff1fdc5b845e8e1f2080248df,2,delay_machine_code.0,6,6,0.0,6,0.0,6,0.0,6,0.0,6,0.0,6,0.0,6,0.0,6,0.0,6,0.0,6,0.0,6,0.0,6,0.0,6,0.0,6,0.0
02-46f42a309d6661f02bd58b91fbc8c1e4,2,__device_dts_ord_112,,20,,,,,,,,,,,,,,,,,,,,,,,,,,,
02-4701b0b9ce625dd7502bfe7640e0cf00,2,sdc_hci_data_put,20,,,20,0.0,20,0.0,20,0.0,20,0.0,20,0.0,20,0.0,20,0.0,20,0.0,20,0.0,20,0.0,20,0.0,20,0.0,20,0.0
02-47a8c6a340ad4255425a41f79b3fc16b,2,ocrypto_ecdh_p256_common_secret,,,,,,,,,,,,,,,,,,,,56,,,,,,,,,
02-48336f97627afcf4d600f9dc71f52a8a,2,__extendsfdf2,,,,,,,,,,,,,,,,,,,,66,,,,,,,,,
02-4884926a5614179cef591cbdbfd81742,2,ocrypto_curve_p256_to32bytes,,,,,,,,,,,,,,,,,,,,4,,,,,,,,,
02-48908c8566b67c17bb119dbb45f38fd7,2,__compound_literal*,,,,,,,,,,,,,,,,,,,,566,,,,,,301,0,301,0
02-49f11bd7ec7368affe1bd3de7ce9bc97,2,ocrypto_aes_decrypt_key_schedule,,,,,,,,,,,,,,,,,,,,4,,,,,,,,,
02-4b3426d0b89b995d5aac3db2bf4bbdb2,2,sdc_hci_cmd_le_cs_procedure_enable,,,,,,,,,,,,4,,,,,,,,,,,,,,,,,
02-4b99ff73a8a869319570237b5c57ab03,2,strstr,,,,,,,,,,,,,,,,,,,,,,,,,,44,,44,0
02-4bad7a6401e781b067bb23360f2a14dc,2,sdc_hci_cmd_vs_zephyr_read_static_addresses,72,,,72,0.0,72,0.0,72,0.0,72,0.0,72,0.0,72,0.0,72,0.0,72,0.0,72,0.0,72,0.0,72,0.0,72,0.0,72,0.0
02-4c1212de781c372519dac7ae0120762e,2,sdc_hci_cmd_le_enable_encryption,4,,,4,0.0,4,0.0,4,0.0,4,0.0,4,0.0,4,0.0,4,0.0,4,0.0,4,0.0,4,0.0,4,0.0,4,0.0,4,0.0
02-4debb5b0347a8203e26a640e0e30ebbb,2,sdc_hci_cmd_le_set_ext_scan_enable,,,,,,,,,,,,,,,,4,,,,,,,,4,0,,,,
02-4e6a9f14c548489566d2e6c0cb94db28,2,radio_pkt_tx_set,,12,,,,,,,,,,,,,,,,,,,,,,,,,,,
02-4f08364e11e4231c76eae6967641ffbd,2,att_handle_read_mult_vl_rsp,4,4,0.0,4,0.0,4,0.0,4,0.0,4,0.0,4,0.0,4,0.0,4,0.0,4,0.0,4,0.0,4,0.0,4,0.0,4,0.0,4,0.0
02-4f22ba7b5d42ca7f3f12d71ce804dfc1,2,sdc_hci_cmd_vs_zephyr_write_bd_addr,4,,,4,0.0,4,0.0,4,0.0,4,0.0,4,0.0,4,0.0,4,0.0,4,0.0,4,0.0,4,0.0,4,0.0,4,0.0,4,0.0
02-50484c19f1afdaf3841a0d821ed393d2,2,kernel,14740,14908,1.14,14740,0.0,14740,0.0,14740,0.0,14740,0.0,14740,0.0,14740,0.0,14740,0.0,14740,0.0,14772,0.22,14740,0.0,14740,0.0,16874,14.48,16874,14.48
02-50e3390154a5f071db315c73020338d4,2,sdc_hci_cmd_le_rand,4,,,4,0.0,4,0.0,4,0.0,4,0.0,4,0.0,4,0.0,4,0.0,4,0.0,4,0.0,4,0.0,4,0.0,4,0.0,4,0.0
02-5135c06b2eaab6c77517ba526269b366,2,sdc_hci_cmd_le_set_ext_scan_params,,,,,,,,,,,,,,,,4,,,,,,,,4,0,,,,
02-5170d5382a77c6f1ddc9beedc901869c,2,__ultoa_invert,172,172,0.0,172,0.0,172,0.0,172,0.0,172,0.0,172,0.0,172,0.0,172,0.0,172,0.0,172,0.0,172,0.0,172,0.0,172,0.0,172,0.0
02-51f07bbcf76d88565b5acfd4928ec136,2,sdc_hci_cmd_le_read_resolving_list_size,4,,,4,0.0,4,0.0,4,0.0,4,0.0,4,0.0,4,0.0,4,0.0,4,0.0,4,0.0,4,0.0,4,0.0,4,0.0,4,0.0
02-520f94d47632a4952c833c0f20be3413,2,sxhashalg_sha2_256,32,32,0.0,32,0.0,32,0.0,32,0.0,32,0.0,32,0.0,32,0.0,32,0.0,32,0.0,32,0.0,32,0.0,32,0.0,32,0.0,32,0.0
02-526f643148b2b9b253874c14c3987d28,2,CSWTCH.*,,,,,,344,,344,0,,,,,,,,,,,,,,,,,,,,
02-5295031ee6a2a60135bea87f22df22b9,2,sdc_hci_cmd_le_cs_set_channel_classification,,,,,,,,,,,,4,,,,,,,,,,,,,,,,,
02-5381d1a58cfe50698c7b2e2ce9518e7b,2,sdc_init,184,,,120,-34.78,184,0.0,120,-34.78,184,0.0,184,0.0,184,0.0,184,0.0,184,0.0,184,0.0,184,0.0,184,0.0,184,0.0,184,0.0
02-549d03b74a95de1856e7451effbc608d,2,radio_tmr_end_capture,,2,,,,,,,,,,,,,,,,,,,,,,,,,,,
02-54a005cc528cb36555e5783a8223e5e5,2,inv_a,,,,,,,,,,,,,,,,,,,,32,,,,,,,,,
02-54d8ec729f4c2ae628ce20947ccbb189,2,sdc_support_ext_central,,,,,,,,,,,,,,,,60,,,,,,,,60,0,,,,
02-56cf9376072de12e0503c1e6cdfcc79a,2,radio_rssi_status_reset,,2,,,,,,,,,,,,,,,,,,,,,,,,,,,
02-573442d06ab6a002b4cd74a58fc90b5b,2,bt_addr_none,6,6,0.0,6,0.0,6,0.0,6,0.0,6,0.0,6,0.0,6,0.0,6,0.0,6,0.0,6,0.0,6,0.0,6,0.0,6,0.0,6,0.0
02-574b9dee7d3ba7c1f232fa4ff8e4555e,2,pdu_validate_ping_req,,14,,,,,,,,,,,,,,,,,,,,,,,,,,,
02-58b83e141b8c683f1b0cd83a84724a15,2,__file_str_put,16,16,0.0,16,0.0,16,0.0,16,0.0,16,0.0,16,0.0,16,0.0,16,0.0,16,0.0,16,0.0,16,0.0,16,0.0,16,0.0,16,0.0
02-58c328b7e5056d96b54a2412fb133afe,2,ocrypto_mod_p256_cneg,,,,,,,,,,,,,,,,,,,,58,,,,,,,,,
02-590949f79777c9a10e217b8f9aca2c81,2,sdc_hci_cmd_vs_zephyr_read_chip_temp,44,,,44,0.0,44,0.0,44,0.0,44,0.0,44,0.0,44,0.0,44,0.0,44,0.0,44,0.0,44,0.0,44,0.0,44,0.0,44,0.0
02-592b84e0a35452fa25095224184147d1,2,mpsl_timeslot_session_close,60,,,60,0.0,60,0.0,60,0.0,60,0.0,60,0.0,60,0.0,60,0.0,60,0.0,60,0.0,60,0.0,60,0.0,60,0.0,60,0.0
02-59e1d417d3fb311949f47213a6b744b1,2,mpsl_dppi_fixed_channels_set,48,,,48,0.0,48,0.0,48,0.0,48,0.0,48,0.0,48,0.0,48,0.0,48,0.0,48,0.0,48,0.0,48,0.0,48,0.0,48,0.0
02-5a5d3293181e66c73adb5329ba1509dc,2,__aeabi_ui2d,,,,,,,,,,,,,,,,,,,,30,,,,,,,,,
02-5b43f1004243f399b17ca5ec97d48dc0,2,__aeabi_ddiv,,,,,,,,,,,,,,,,,,,,464,,,,,,,,,
02-5bb65ab7043dabfde91cf27dfd89d026,2,__device_dts_ord_3,20,20,0.0,20,0.0,20,0.0,20,0.0,20,0.0,20,0.0,20,0.0,20,0.0,20,0.0,20,0.0,20,0.0,20,0.0,24,20.0,24,20.0
02-5c755b935c34bbd087828cc738c0beee,2,__device_dts_ord_12,20,20,0.0,20,0.0,20,0.0,20,0.0,20,0.0,20,0.0,20,0.0,20,0.0,20,0.0,20,0.0,20,0.0,20,0.0,24,20.0,24,20.0
02-5d4119c4e9a08b09849b42b09af58829,2,m.9,,16,,,,,,,,,,,,,,,,,,,,,,,,,,,
02-5d44dcda813b24bcee43a2b82b301db4,2,sdc_hci_cmd_le_set_scan_response_data,,,,,,,,,,,,,,,,,,,,4,,,,,,,,,
02-5e98023bc6cae943b9312984fc7ff7e4,2,sdc_support_phy_update_peripheral,,,,,,,,,,,,,,,,,,,,28,,,,,,,,,
02-610578b64fa37bb1a37e326970e4e57d,2,__device_dts_ord_118,20,20,0.0,20,0.0,20,0.0,20,0.0,20,0.0,20,0.0,20,0.0,20,0.0,20,0.0,20,0.0,20,0.0,20,0.0,24,20.0,24,20.0
02-61e6495fce083791b2d1d5047836226d,2,ocrypto_mod_p256_add,,,,,,,,,,,,,,,,,,,,124,,,,,,,,,
02-64322f5f3ff7f9f717279e1b017a997e,2,stdout,,,,,,4,,,,,,,,,,4,0,4,0,,,4,0,,,,,4,0
02-645ee04a8ee9517a31abc98578ca35d4,2,mpsl_fem_lna_configuration_clear,12,,,12,0.0,12,0.0,12,0.0,12,0.0,12,0.0,12,0.0,12,0.0,12,0.0,12,0.0,12,0.0,12,0.0,12,0.0,12,0.0
02-6568cd012f97149c797f738b07b1fd12,2,plat_str.2,16,16,0.0,16,0.0,16,0.0,16,0.0,16,0.0,16,0.0,16,0.0,16,0.0,16,0.0,16,0.0,16,0.0,16,0.0,16,0.0,16,0.0
02-660b3af0d37c78bae983a1cbd203c197,2,sxhashalg_sha2_224,32,32,0.0,32,0.0,32,0.0,32,0.0,32,0.0,32,0.0,32,0.0,32,0.0,32,0.0,32,0.0,32,0.0,32,0.0,32,0.0,32,0.0
02-676b69744b13b9a4e38499db2414fb88,2,port_offset.1,16,16,0.0,16,0.0,16,0.0,16,0.0,16,0.0,16,0.0,16,0.0,16,0.0,16,0.0,16,0.0,16,0.0,16,0.0,16,0.0,16,0.0
02-680cd4ab18a9f064b90a72cef0a1dff0,2,ocrypto_bigint_mul256,,,,,,,,,,,,,,,,,,,,32,,,,,,,,,
02-688151b51fdffdadc9ca97ffd24cd63d,2,sdc_hci_cmd_le_read_adv_physical_channel_tx_power,,,,,,,,,,,,,,,,,,,,4,,,,,,,,,
02-68a56c3e2433272c86cbe6332db118d4,2,pages_layout.1,8,8,0.0,8,0.0,8,0.0,8,0.0,8,0.0,8,0.0,8,0.0,8,0.0,8,0.0,8,0.0,8,0.0,8,0.0,8,0.0,8,0.0
02-6a5eb215dc803c7120a300de42f1bcb3,2,sdc_hci_cmd_le_read_suggested_default_data_length,4,,,4,0.0,4,0.0,4,0.0,4,0.0,4,0.0,4,0.0,4,0.0,4,0.0,4,0.0,4,0.0,4,0.0,4,0.0,4,0.0
02-6aaa53a0d6e59b2c5f2d1e3fa7f7f37b,2,att_handle_read_type_rsp,4,4,0.0,4,0.0,4,0.0,4,0.0,4,0.0,4,0.0,4,0.0,4,0.0,4,0.0,4,0.0,4,0.0,4,0.0,4,0.0,4,0.0
02-6c5e8387bbbdfa593956d4998b59c4dc,2,sdc_hci_cmd_vs_set_adv_randomness,,,,,,,,,,,,,,,,,,,,4,,,,,,,,,
02-6ced5e3d2df0b5420bdef0a8674c8e74,2,att_handle_read_rsp,4,4,0.0,4,0.0,4,0.0,4,0.0,4,0.0,4,0.0,4,0.0,4,0.0,4,0.0,4,0.0,4,0.0,4,0.0,4,0.0,4,0.0
02-6d9e6c260c99f93afd2f1a76681de431,2,CSWTCH.*,,,,,,,,,,,,,,,,,,,,350,,,,,,,,,
02-6da920faf70d6b63656abd45f7b44302,2,sdc_hci_cmd_vs_set_role_priority,4,,,4,0.0,4,0.0,4,0.0,4,0.0,4,0.0,4,0.0,4,0.0,4,0.0,4,0.0,4,0.0,4,0.0,4,0.0,4,0.0
02-6df9d491c5ffbe70c4e28ad7dd9e7fbf,2,MPSL_IRQ_CLOCK_Handler,216,,,216,0.0,216,0.0,216,0.0,216,0.0,216,0.0,216,0.0,216,0.0,216,0.0,216,0.0,216,0.0,216,0.0,216,0.0,216,0.0
02-6ead87d7490210ec21a1ae5f2f462d6f,2,sdc_hci_cmd_vs_zephyr_write_tx_power,,,,,,,,,,,,,,,,,,,,36,,,,,,,,,
02-6ec5fe6d64666f022230311e08203cbd,2,sdc_hci_cmd_le_read_max_data_length,4,,,4,0.0,4,0.0,4,0.0,4,0.0,4,0.0,4,0.0,4,0.0,4,0.0,4,0.0,4,0.0,4,0.0,4,0.0,4,0.0
02-716af30655f8f3d9b32750dca746ddfb,2,memset,16,16,0.0,16,0.0,16,0.0,16,0.0,16,0.0,16,0.0,16,0.0,16,0.0,16,0.0,16,0.0,16,0.0,16,0.0,16,0.0,16,0.0
02-726cb7f72e4f801c0d35f0247869fa66,2,sdc_support_channel_sounding_test,,,,,,,,,,,,28,,,,,,,,,,,,,,,,,
02-72d4bd12d6ca07360602e0d6cbc8dc4b,2,memcpy,26,,,,,,,,,26,0.0,26,0.0,,,,,,,,,,,,,,,,
02-735f9b6bdbce80cb1c546be5fce38fae,2,ocrypto_mod_p256_inv,,,,,,,,,,,,,,,,,,,,350,,,,,,,,,
02-7382fb32d5312028c15053ff4055062f,2,pdu_validate_clock_accuracy_rsp,,14,,,,,,,,,,,,,,,,,,,,,,,,,,,
02-73d3a702db472629f27b06ac8f056476,2,strlen,16,16,0.0,16,0.0,16,0.0,16,0.0,16,0.0,16,0.0,16,0.0,16,0.0,16,0.0,16,0.0,16,0.0,16,0.0,16,0.0,16,0.0
02-754fca3a263ae3c8a0936f75d5490e10,2,ocrypto_aes_unslice,,,,,,,,,,,,,,,,,,,,170,,,,,,,,,
02-7694f4a66316e53c8cdd9d9954bd611d,2,q,,,,,,,,,,,,,,,,,,,,32,,,,,,,,,
02-779f8a3a8c60f325a2171a2653d27f6e,2,zephyr,1122,1122,0.0,1122,0.0,1122,0.0,1122,0.0,1122,0.0,1122,0.0,1122,0.0,1122,0.0,1122,0.0,1122,0.0,1122,0.0,1122,0.0,1140,1.6,1140,1.6
02-7817d249cdb4a944a6f5c1aa004ef852,2,sdc_hci_cmd_le_cs_set_default_settings,,,,,,,,,,,,4,,,,,,,,,,,,,,,,,
02-783cad94f71d8877d877302361df9c24,2,mpsl_fem_enable,12,,,12,0.0,12,0.0,12,0.0,12,0.0,12,0.0,12,0.0,12,0.0,12,0.0,12,0.0,12,0.0,12,0.0,12,0.0,12,0.0
02-7859d73cf10b06acdb95735aa31ce1f8,2,__aeabi_memcpy,,26,,26,0,26,0,,,,,,,,,,,,,,,26,0,,,,,,
02-789d8b5a7eed13029fa91b84c7fa4982,2,ocrypto_sha256_final,,,,,,,,,,,,,,,,,,,,414,,,,,,,,,
02-78e0282fb145f17c52f5a1de5b96f32d,2,mpsl_tx_power_dbm_to_radio_register_convert,,,,,,,,,,,,32,,,,,,,,,,,,,,,,,
02-79eda979854e9e7c1840e67644c27c08,2,puts,64,64,0.0,64,0.0,64,0.0,64,0.0,64,0.0,64,0.0,64,0.0,64,0.0,64,0.0,64,0.0,64,0.0,64,0.0,64,0.0,64,0.0
02-7a4f3b1887d57997b794c3cbe3cd4c9b,2,sdc_hci_cmd_le_cs_set_procedure_params,,,,,,,,,,,,4,,,,,,,,,,,,,,,,,
02-7a8119598c637a152f8e4657abecee04,2,qp1,,,,,,,,,,,,,,,,,,,,32,,,,,,,,,
02-7a83a14aa1d12ccb76deb6003e9b5c54,2,cracen_mac_verify_setup,4,4,0.0,4,0.0,4,0.0,4,0.0,4,0.0,4,0.0,4,0.0,4,0.0,4,0.0,4,0.0,4,0.0,4,0.0,4,0.0,4,0.0
02-7a89d7924aca15af011233ea71ca9034,2,mpsl_clock_hfclk_latency_set,32,,,32,0.0,32,0.0,32,0.0,32,0.0,32,0.0,32,0.0,32,0.0,32,0.0,32,0.0,32,0.0,32,0.0,32,0.0,32,0.0
02-7c3b0e2a281cce518549f780a8e2866e,2,mpsl_temperature_get,124,,,124,0.0,124,0.0,124,0.0,124,0.0,124,0.0,124,0.0,124,0.0,124,0.0,124,0.0,124,0.0,124,0.0,124,0.0,124,0.0
02-7d8c66e32294c0fbcad3762662cbd6d5,2,memmove,,,,,,,,,,,,,,,,,,,,,,,,,,,,52,
02-7dfd0916e87aaa90a45bf1ec3391e970,2,subsys,59835,118525,98.09,59843,0.01,60671,1.4,60671,1.4,60279,0.74,59843,0.01,59835,0.0,61173,2.24,59951,0.19,65545,9.54,59843,0.01,61675,3.08,75455,26.11,75455,26.11
02-7ff7df998f71fceec5e640ad433745de,2,sdc_hci_cmd_cb_read_authenticated_payload_timeout,4,,,4,0.0,4,0.0,4,0.0,4,0.0,4,0.0,4,0.0,4,0.0,4,0.0,4,0.0,4,0.0,4,0.0,4,0.0,4,0.0
02-8003c3bbabf69818604269793784e42c,2,ocrypto_bigint_csub256,,,,,,,,,,,,,,,,,,,,92,,,,,,,,,
02-804298ebeaf91b8fc3ef71301cb15dc3,2,sdc_support_dle_peripheral,,,,,,,,,,,,,,,,,,,,28,,,,,,,,,
02-80442c59504cad018b8f4ee05dddbcf5,2,pdu_validate_unknown_rsp,,14,,,,,,,,,,,,,,,,,,,,,,,,,,,
02-809e898ba411f806f074c5b7cb607383,2,sdc_hci_cmd_le_cs_test,,,,,,,,,,,,4,,,,,,,,,,,,,,,,,
02-833cea4b66b44ab13b3715232fbc3865,2,strchr,,,,,,,,,,,,,,,,,,,,,,,,,,26,,26,0
02-8400f5182cf13af69a66ca2143195a7c,2,pdu_validate_per_init_feat_xchg,,14,,,,,,,,,,,,,,,,,,,,,,,,,,,
02-84519718f8019b6411f1c7ee46c59007,2,ocrypto_mod_p256_from_bytes,,,,,,,,,,,,,,,,,,,,50,,,,,,,,,
02-84917115db7fc982cd67bd759fd0890c,2,SystemCoreClock,4,4,0.0,4,0.0,4,0.0,4,0.0,4,0.0,4,0.0,4,0.0,4,0.0,4,0.0,4,0.0,4,0.0,4,0.0,4,0.0,4,0.0
02-84d6ed06b5ca719e3b4a46bd60a0a021,2,sdc_hci_cmd_le_set_adv_enable,,,,,,,,,,,,,,,,,,,,4,,,,,,,,,
02-851cfadb14da2e07a741e8bb29642ea9,2,strnlen,24,24,0.0,24,0.0,24,0.0,24,0.0,24,0.0,24,0.0,24,0.0,24,0.0,24,0.0,24,0.0,24,0.0,24,0.0,24,0.0,24,0.0
02-867f3bf537a9ea236d2ba4ae74ab6ede,2,__libc_fini_array,44,44,0.0,44,0.0,44,0.0,44,0.0,44,0.0,44,0.0,44,0.0,44,0.0,44,0.0,44,0.0,44,0.0,44,0.0,44,0.0,44,0.0
02-871a9e0d1427c15588fc0890900ed830,2,sdc_hci_cmd_vs_scan_channel_map_set,4,,,4,0.0,4,0.0,4,0.0,4,0.0,4,0.0,4,0.0,4,0.0,4,0.0,4,0.0,4,0.0,4,0.0,4,0.0,4,0.0
02-87b6465749cc29e8f0691d24c0e22ba9,2,ocrypto_sha256,,,,,,,,,,,,,,,,,,,,1128,,,,,,,,,
02-884fdb594b5171106a60be208b8acb92,2,att_exec_write_req,4,4,0.0,4,0.0,4,0.0,4,0.0,4,0.0,4,0.0,4,0.0,4,0.0,4,0.0,4,0.0,4,0.0,4,0.0,4,0.0,4,0.0
02-8962c1ff77e59dd48a517c9976741097,2,smp_central_ident,4,4,0.0,4,0.0,4,0.0,4,0.0,4,0.0,4,0.0,4,0.0,4,0.0,4,0.0,4,0.0,4,0.0,4,0.0,4,0.0,4,0.0
02-89a59689861225eb508a89e526638dd8,2,bt_dev,448,448,0.0,448,0.0,448,0.0,448,0.0,448,0.0,448,0.0,448,0.0,376,-16.07,448,0.0,448,0.0,448,0.0,1432,219.64,448,0.0,448,0.0
02-8a46bba861699f729f5afa956d1112ca,2,att_confirm,4,4,0.0,4,0.0,4,0.0,4,0.0,4,0.0,4,0.0,4,0.0,4,0.0,4,0.0,4,0.0,4,0.0,4,0.0,4,0.0,4,0.0
02-8b8d069b7ffb0067e172f45964741d02,2,ocrypto_bigint_sqr256,,,,,,,,,,,,,,,,,,,,32,,,,,,,,,
02-8ba955765cb6fcefd5a9aa2fcb61be5a,2,sdc_hci_cmd_vs_zephyr_read_tx_power,,,,,,,,,,,,,,,,,,,,22,,,,,,,,,
02-8bdb9dcbeb1d4035f0a2fb14b638435a,2,sdc_hci_cmd_le_cs_read_remote_fae_table,,,,,,,,,,,,4,,,,,,,,,,,,,,,,,
02-8c3c4cb5331a457c9abfc8d0850d84dc,2,sdc_support_le_2m_phy,28,,,28,0.0,28,0.0,28,0.0,28,0.0,28,0.0,28,0.0,28,0.0,28,0.0,28,0.0,28,0.0,28,0.0,28,0.0,28,0.0
02-8c3ec30198f12308919f16fb5091c8f9,2,param_a,,,,,,,,,,,,,,,,,,,,32,,,,,,,,,
02-8c891d1d45dfdee521ee427923633f52,2,sdc_hci_cmd_le_read_phy,4,,,4,0.0,4,0.0,4,0.0,4,0.0,4,0.0,4,0.0,4,0.0,4,0.0,4,0.0,4,0.0,4,0.0,4,0.0,4,0.0
02-8cc83ff7a0e81db02fccb8e32cf0948f,2,sdc_support_channel_sounding,,,,,,,,,,,,68,,,,,,,,,,,,,,,,,
02-8df0e2f059d6f8dbbe3a6881565fba63,2,mfy_after_cen_offset_get.4,,16,,,,,,,,,,,,,,,,,,,,,,,,,,,
02-8ed7b3c7cdc60a5cce7f1da2f1bb6a4c,2,strcpy,16,16,0.0,16,0.0,16,0.0,16,0.0,16,0.0,16,0.0,16,0.0,16,0.0,16,0.0,16,0.0,16,0.0,16,0.0,16,0.0,16,0.0
02-8fe82be134debbb9190760615767752e,2,mpsl_init,164,,,164,0.0,164,0.0,164,0.0,164,0.0,164,0.0,164,0.0,164,0.0,164,0.0,164,0.0,164,0.0,164,0.0,164,0.0,164,0.0
02-90efe5ec2897aad082d9275a9410de6a,2,mpsl_fem_pa_configuration_clear,12,,,12,0.0,12,0.0,12,0.0,12,0.0,12,0.0,12,0.0,12,0.0,12,0.0,12,0.0,12,0.0,12,0.0,12,0.0,12,0.0
02-90f0cc3fd435e87ee43445f700439806,2,CSWTCH.*,,,,,,,,,,,,,,,,356,,,,,,,,,,,,,
02-916af099fb31f40f2ff6625d916f6c87,2,sdc_hci_cmd_le_read_filter_accept_list_size,4,,,4,0.0,4,0.0,4,0.0,4,0.0,4,0.0,4,0.0,4,0.0,4,0.0,4,0.0,4,0.0,4,0.0,4,0.0,4,0.0
02-9206433725e82eadcc5c1d3f5822c28e,2,ocrypto_curve_p256_from64bytes,,,,,,,,,,,,,,,,,,,,100,,,,,,,,,
02-921440b41839024f0126dfd0684505c2,2,sdc_hci_cmd_le_read_transmit_power,4,,,4,0.0,4,0.0,4,0.0,4,0.0,4,0.0,4,0.0,4,0.0,4,0.0,4,0.0,4,0.0,4,0.0,4,0.0,4,0.0
02-92ab2c9f62988bc1882d280ecf1e8dde,2,CSWTCH.*,341,434,27.27,341,0.0,,,,,,,341,0.0,341,0.0,,,341,0.0,,,341,0.0,,,,,,
02-92c3fda29a4eb64f1ad361dc6712dd8e,2,lll_scan_reset,,4,,,,,,,,,,,,,,,,,,,,,,,,,,,
02-92eef30d704f8c56eb40ad735c3943ca,2,sdc_hci_cmd_vs_zephyr_read_key_hierarchy_roots,58,,,58,0.0,58,0.0,58,0.0,58,0.0,58,0.0,58,0.0,58,0.0,58,0.0,58,0.0,58,0.0,58,0.0,58,0.0,58,0.0
02-98065cb552310b38744aca66339e5d78,2,ocrypto_bigint_sub256,,,,,,,,,,,,,,,,,,,,64,,,,,,,,,
02-98b935d6bafc44e4278829dcb286b160,2,smp_signing_info,4,4,0.0,4,0.0,4,0.0,4,0.0,4,0.0,4,0.0,4,0.0,4,0.0,4,0.0,4,0.0,4,0.0,4,0.0,4,0.0,4,0.0
02-9908203b01d15ea10ff9a71735132c76,2,transitions.0,12,12,0.0,12,0.0,12,0.0,12,0.0,12,0.0,12,0.0,12,0.0,12,0.0,12,0.0,12,0.0,12,0.0,12,0.0,12,0.0,12,0.0
02-99f07fb4ea17c443473a57d45c73d950,2,sdc_hci_cmd_le_set_event_mask,10,,,10,0.0,10,0.0,10,0.0,10,0.0,10,0.0,10,0.0,10,0.0,10,0.0,10,0.0,10,0.0,10,0.0,10,0.0,10,0.0
02-9a53d0dc753eab54114bfd69e00b4bce,2,sdc_hci_cmd_le_long_term_key_request_negative_reply,8,,,,,8,0.0,,,8,0.0,8,0.0,8,0.0,8,0.0,8,0.0,8,0.0,8,0.0,8,0.0,8,0.0,8,0.0
02-9a9906e747a71649b05ef9c87f228c81,2,parameters.0,8,8,0.0,8,0.0,8,0.0,8,0.0,8,0.0,8,0.0,8,0.0,8,0.0,8,0.0,8,0.0,8,0.0,8,0.0,8,0.0,8,0.0
02-9b8c441126f7e441abf32b52812793ed,2,gatt_conn_auth_info_cb.1,16,16,0.0,16,0.0,16,0.0,16,0.0,16,0.0,16,0.0,16,0.0,16,0.0,16,0.0,16,0.0,16,0.0,16,0.0,16,0.0,16,0.0
02-9baa5c10260d30c2cb450c88b371fada,2,mpsl_fem_pa_power_control_set,12,,,12,0.0,12,0.0,12,0.0,12,0.0,12,0.0,12,0.0,12,0.0,12,0.0,12,0.0,12,0.0,12,0.0,12,0.0,12,0.0
02-9ca6c552266834e18e4a944e69b8db85,2,sdc_hci_cmd_vs_scan_accept_ext_adv_packets_set,4,,,4,0.0,4,0.0,4,0.0,4,0.0,4,0.0,4,0.0,4,0.0,4,0.0,4,0.0,4,0.0,4,0.0,4,0.0,4,0.0
02-9d41fe67dc88faa6ffb8b11058d20744,2,l2cap_disconnected,2,2,0.0,2,0.0,2,0.0,2,0.0,2,0.0,2,0.0,2,0.0,2,0.0,2,0.0,2,0.0,2,0.0,2,0.0,2,0.0,2,0.0
02-9e66669842ebd8ee4ec58c8520c0ab08,2,sdc_hci_cmd_le_add_device_to_resolving_list,4,,,4,0.0,4,0.0,4,0.0,4,0.0,4,0.0,4,0.0,4,0.0,4,0.0,4,0.0,4,0.0,4,0.0,4,0.0,4,0.0
02-9f531f8b1f20944d54615b364f472cb5,2,__aeabi_ldiv0,2,,,,,,,2,0.0,,,2,0.0,,,2,0.0,,,,,,,2,0.0,,,,
02-a10fb57ab35492532b658313749ae6cd,2,p256_zaddc,,,,,,,,,,,,,,,,,,,,204,,,,,,,,,
02-a3aa508ba7cd60a8b3f8ae28a783b630,2,__device_dts_ord_23,20,20,0.0,20,0.0,20,0.0,20,0.0,20,0.0,20,0.0,20,0.0,20,0.0,20,0.0,20,0.0,20,0.0,20,0.0,24,20.0,24,20.0
02-a603f49051740b9e12975b090bc69d98,2,m.7,,16,,,,,,,,,,,,,,,,,,,,,,,,,,,
02-a62d70e08d208070b3fe0b72a075a5e4,2,sdc_support_phy_update_central,28,,,28,0.0,28,0.0,28,0.0,28,0.0,28,0.0,28,0.0,28,0.0,28,0.0,28,0.0,28,0.0,28,0.0,28,0.0,28,0.0
02-a72e02fcd8540aa41124b36bd269be77,2,sdc_hci_cmd_le_read_channel_map,4,,,4,0.0,4,0.0,4,0.0,4,0.0,4,0.0,4,0.0,4,0.0,4,0.0,4,0.0,4,0.0,4,0.0,4,0.0,4,0.0
02-a9457c77faced5c1c5d7d1b3479693e7,2,bt_smp_sign,6,6,0.0,6,0.0,6,0.0,6,0.0,6,0.0,6,0.0,6,0.0,6,0.0,6,0.0,6,0.0,6,0.0,6,0.0,6,0.0,6,0.0
02-ab868278d8658ce36899515ff3f885a0,2,mpsl_timeslot_session_open,124,,,124,0.0,124,0.0,124,0.0,124,0.0,124,0.0,124,0.0,124,0.0,124,0.0,124,0.0,124,0.0,124,0.0,124,0.0,124,0.0
02-ac47e75ecda8d524fa17fd821d4bce54,2,__device_dts_ord_122,20,20,0.0,20,0.0,20,0.0,20,0.0,20,0.0,20,0.0,20,0.0,20,0.0,20,0.0,20,0.0,20,0.0,20,0.0,24,20.0,24,20.0
02-adcf7c8a91921eb64d0de9451957291f,2,__device_dts_ord_113,20,,,20,0.0,20,0.0,20,0.0,20,0.0,20,0.0,20,0.0,20,0.0,20,0.0,20,0.0,20,0.0,20,0.0,24,20.0,24,20.0
02-af8e73f203c5a5cfe42297c7fb8c0fa5,2,ocrypto_mul256_noframe,,,,,,,,,,,,,,,,,,,,342,,,,,,,,,
02-b169272caa640b5c5af5e9d53d1452c3,2,sdc_hci_cmd_le_cs_create_config,,,,,,,,,,,,4,,,,,,,,,,,,,,,,,
02-b192924be9000af358c417f6d61489a3,2,sdc_hci_cmd_le_cs_test_end,,,,,,,,,,,,4,,,,,,,,,,,,,,,,,
02-b28fbd7f67e821cce25056a32ab1f08c,2,__compound_literal*,148,148,0.0,148,0.0,148,0.0,148,0.0,148,0.0,148,0.0,148,0.0,148,0.0,148,0.0,,,148,0.0,148,0.0,,,,
02-b2e984aa2debf363ae0f5b7f641db30f,2,sdc_hci_cmd_le_conn_update,4,,,4,0.0,4,0.0,4,0.0,4,0.0,4,0.0,4,0.0,4,0.0,4,0.0,4,0.0,4,0.0,4,0.0,4,0.0,4,0.0
02-b33b3754fc3ce4bd7c11bc9a137dd817,2,m.6,,16,,,,,,,,,,,,,,,,,,,,,,,,,,,
02-b393b01e39922ba7cefb11ebb824198d,2,smp_pairing_req,4,4,0.0,4,0.0,4,0.0,4,0.0,4,0.0,4,0.0,4,0.0,4,0.0,4,0.0,,,4,0.0,4,0.0,4,0.0,4,0.0
02-b5041da60dd6d17fbce0d1dce1636675,2,__device_dts_ord_57,20,20,0.0,20,0.0,20,0.0,20,0.0,20,0.0,20,0.0,20,0.0,20,0.0,20,0.0,20,0.0,20,0.0,20,0.0,24,20.0,24,20.0
02-b675d2fe9f42c898e3a4836fd7c44fbe,2,platform_free_uninit,2,2,0.0,2,0.0,2,0.0,2,0.0,2,0.0,2,0.0,2,0.0,2,0.0,2,0.0,2,0.0,2,0.0,2,0.0,2,0.0,2,0.0
02-b6fa42489d673f3b091b2a383e67ed0d,2,sdc_hci_cmd_le_set_host_channel_classification,4,,,4,0.0,4,0.0,4,0.0,4,0.0,4,0.0,4,0.0,4,0.0,4,0.0,4,0.0,4,0.0,4,0.0,4,0.0,4,0.0
02-b72e6a8d651cb2f3f5504424b734da09,2,bt_addr_any,6,6,0.0,6,0.0,6,0.0,6,0.0,6,0.0,6,0.0,6,0.0,6,0.0,6,0.0,6,0.0,6,0.0,6,0.0,6,0.0,6,0.0
02-b74475f790eadf5f9e091e8a28328b5c,2,__aeabi_dadd,,,,,,,,,,,,,,,,,,,,630,,,,,,,,,
02-b773d60a8d78626f00b606310dc89b04,2,sdc_hci_cmd_le_read_rf_path_compensation,,,,,,,,,,,,,,,,4,,,,,,,,4,0,,,,
02-b7caad746afad4d73ec831ff1b9513da,2,sdc_build_revision_get,36,,,36,0.0,36,0.0,36,0.0,36,0.0,36,0.0,36,0.0,36,0.0,36,0.0,36,0.0,36,0.0,36,0.0,36,0.0,36,0.0
02-b89bfde627a60c39266ab081adab5aac,2,sdc_hci_cmd_vs_min_val_of_max_acl_tx_payload_set,4,,,4,0.0,4,0.0,4,0.0,4,0.0,4,0.0,4,0.0,4,0.0,4,0.0,4,0.0,4,0.0,4,0.0,4,0.0,4,0.0
02-b91781d8e52bb9ff5b19d12bc440cf3b,2,pdu_validate_reject_ind,,14,,,,,,,,,,,,,,,,,,,,,,,,,,,
02-ba5c6f861f34e2c79eaa921981723767,2,sdc_disable,36,,,36,0.0,36,0.0,36,0.0,36,0.0,36,0.0,36,0.0,36,0.0,36,0.0,36,0.0,36,0.0,36,0.0,36,0.0,36,0.0
02-ba68b53c23e6ebabea40d1f37e95dc53,2,strncmp,36,36,0.0,36,0.0,36,0.0,36,0.0,36,0.0,36,0.0,36,0.0,36,0.0,36,0.0,36,0.0,36,0.0,36,0.0,36,0.0,36,0.0
02-babe32a5f64dce84480a6da9eebb38a4,2,__aeabi_idiv0,,2,,2,0,2,0,,,2,0,,,2,0,,,2,0,2,0,2,0,,,2,0,2,0
02-bbb472961737a6d9b0027d338f9bf5fe,2,mfy.2,,16,,,,,,,,,,,,,,,,,,,,,,,,,,,
02-bc84e97684c699c6b49c3455b9ee5722,2,__aeabi_l2d,,,,,,,,,,,,,,,,,,,,90,,,,,,,,,
02-be8da0e5e35f5ce53fead1bded6cbee3,2,sdc_cfg_set,448,,,172,-61.61,448,0.0,172,-61.61,448,0.0,448,0.0,448,0.0,448,0.0,448,0.0,448,0.0,448,0.0,448,0.0,448,0.0,448,0.0
02-bec6ce0af34f934bb2f370638696dee8,2,MPSL_IRQ_RADIO_Handler,44,,,44,0.0,44,0.0,44,0.0,44,0.0,44,0.0,44,0.0,44,0.0,44,0.0,44,0.0,44,0.0,44,0.0,44,0.0,44,0.0
02-bf8c62203a98fe64279cbbbe9f4ae317,2,mpsl_tx_power_radio_supported_power_adjust,32,,,32,0.0,32,0.0,32,0.0,32,0.0,32,0.0,32,0.0,32,0.0,32,0.0,32,0.0,32,0.0,32,0.0,32,0.0,32,0.0
02-bfa76f472f1b232cea81ccf49ef47a94,2,sdc_hci_cmd_vs_central_acl_event_spacing_set,4,,,4,0.0,4,0.0,4,0.0,4,0.0,4,0.0,4,0.0,4,0.0,4,0.0,4,0.0,4,0.0,4,0.0,4,0.0,4,0.0
02-bfd86b3c02079de5f40138bc364dce23,2,pdu_validate_length_rsp,,14,,,,,,,,,,,,,,,,,,,,,,,,,,,
02-c01a12ef3a015a44ce5aa5a82d08d25d,2,sdc_support_central,64,,,52,-18.75,64,0.0,52,-18.75,64,0.0,64,0.0,64,0.0,,,64,0.0,64,0.0,64,0.0,,,64,0.0,64,0.0
02-c090ab7cef9c541e7f60bfa76f318878,2,sdc_hci_cmd_le_create_conn,4,,,4,0.0,4,0.0,4,0.0,4,0.0,4,0.0,4,0.0,4,0.0,4,0.0,4,0.0,4,0.0,4,0.0,4,0.0,4,0.0
02-c0ce3b437b4942418e9d6fd3738c98cf,2,ocrypto_mod_p256_sub,,,,,,,,,,,,,,,,,,,,88,,,,,,,,,
02-c0d7b3cb77140cc41dcade3c5f7ec93e,2,ocrypto_aes_encrypt_block,,,,,,,,,,,,,,,,,,,,600,,,,,,,,,
02-c21e762daa3e695e48f286ac05ee4753,2,mfy.9,,16,,,,,,,,,,,,,,,,,,,,,,,,,,,
02-c4f3de7a94dea27d60750ff34c854c14,2,sdc_hci_cmd_vs_conn_event_extend,4,,,4,0.0,4,0.0,4,0.0,4,0.0,4,0.0,4,0.0,4,0.0,4,0.0,4,0.0,4,0.0,4,0.0,4,0.0,4,0.0
02-c51784f8f20c0f6e4c6508e8658bb77e,2,sdc_hci_cmd_vs_event_length_set,4,,,4,0.0,4,0.0,4,0.0,4,0.0,4,0.0,4,0.0,4,0.0,4,0.0,4,0.0,4,0.0,4,0.0,4,0.0,4,0.0
02-c55af073e162a75ce4cb86d8f51ebde4,2,pdu_validate_phy_rsp,,14,,,,,,,,,,,,,,,,,,,,,,,,,,,
02-c580cf279b58623e338789a551bbcd68,2,sdc_hci_cmd_le_ext_create_conn,,,,,,,,,,,,,,,,4,,,,,,,,4,0,,,,
02-c6251690a341e93a1665029127c70fdc,2,optind,,,,,,,,,,,,,,,,,,,,,,,,,,4,,4,0
02-c694df211e08d36f9405f0e859b53a9f,2,mpsl_fem_pa_configuration_set,12,,,12,0.0,12,0.0,12,0.0,12,0.0,12,0.0,12,0.0,12,0.0,12,0.0,12,0.0,12,0.0,12,0.0,12,0.0,12,0.0
02-c6b5d1bb77c0b3de9f6fbd4132c68f1c,2,__aeabi_memmove,,,,,,,,,,,,,,,,,,,,52,,,,,,,,,
02-c712a2cef9ffae5d12904ef5fb693956,2,sdc_hci_cmd_cb_reset,28,,,28,0.0,28,0.0,28,0.0,28,0.0,28,0.0,28,0.0,28,0.0,28,0.0,28,0.0,28,0.0,28,0.0,28,0.0,28,0.0
02-c757ca91f77918498b68faaf9b006d1c,2,sym_*,76294,,,53002,-30.53,76294,0.0,53002,-30.53,78882,3.39,126088,65.27,76294,0.0,76814,0.68,76294,0.0,98032,28.49,76294,0.0,76814,0.68,76294,0.0,76294,0.0
02-c7d5f8495162588e6bb8a9e1975c45e7,2,soc,268,268,0.0,268,0.0,268,0.0,268,0.0,268,0.0,268,0.0,268,0.0,268,0.0,268,0.0,268,0.0,268,0.0,268,0.0,268,0.0,268,0.0
02-c7da6bc96c0093fcc0e86ca6c7b79f3c,2,strncpy,,,,,,,,,,,,,,,,,,,,,,,,,,32,,32,0
02-c874f1bbc61513a3c07bb0c27eff4be2,2,sdc_hci_cmd_le_cs_read_remote_supported_capabilities,,,,,,,,,,,,4,,,,,,,,,,,,,,,,,
02-c8c8082df8fbbfb22d7423667d8429e2,2,hex.4,17,17,0.0,17,0.0,17,0.0,17,0.0,17,0.0,17,0.0,17,0.0,17,0.0,17,0.0,17,0.0,17,0.0,17,0.0,17,0.0,17,0.0
02-c8e11e340dd6056ada73beca9311621f,2,att_handle_find_type_rsp,4,4,0.0,4,0.0,4,0.0,4,0.0,4,0.0,4,0.0,4,0.0,4,0.0,4,0.0,4,0.0,4,0.0,4,0.0,4,0.0,4,0.0
02-c9f5fea207031a15153455b3ea285584,2,__device_dts_ord_102,20,20,0.0,20,0.0,20,0.0,20,0.0,20,0.0,20,0.0,20,0.0,20,0.0,20,0.0,20,0.0,20,0.0,20,0.0,24,20.0,24,20.0
02-caff8bca4317964a59c5784f7f21cd10,2,ocrypto_bigint_add256,,,,,,,,,,,,,,,,,,,,64,,,,,,,,,
02-cb6829ceee542dbdb1e71daedd5779a0,2,strtoul,204,204,0.0,204,0.0,204,0.0,204,0.0,204,0.0,204,0.0,204,0.0,204,0.0,204,0.0,204,0.0,204,0.0,204,0.0,204,0.0,204,0.0
02-cb75feab554681f8c14ea42c55611316,2,sdc_hci_cmd_ip_read_bd_addr,4,,,4,0.0,4,0.0,4,0.0,4,0.0,4,0.0,4,0.0,4,0.0,4,0.0,4,0.0,4,0.0,4,0.0,4,0.0,4,0.0
02-cb827609341c41f4f8ba303a3651a4dd,2,mpsl_cx_register_callback,12,,,,,12,0.0,,,12,0.0,12,0.0,12,0.0,12,0.0,12,0.0,12,0.0,12,0.0,12,0.0,12,0.0,12,0.0
02-cc7afaef59be7b1286504fd3afbd4c66,2,sdc_hci_cmd_le_cs_write_cached_remote_fae_table,,,,,,,,,,,,4,,,,,,,,,,,,,,,,,
02-cc7c95b9f24a6acd95c08552f9327061,2,pdu_validate_conn_param_rsp,,14,,,,,,,,,,,,,,,,,,,,,,,,,,,
02-ccab2c186347ea9dfecce3eb521ded07,2,sbox4,,,,,,,,,,,,,,,,,,,,80,,,,,,,,,
02-ccc5b6f313dd8497bf4a3a3dd0dcdb77,2,ocrypto_aes_decrypt_block,,,,,,,,,,,,,,,,,,,,674,,,,,,,,,
02-ccee81d8756473fc081dc0c67d5c05a2,2,initial_run.2,1,1,0.0,1,0.0,1,0.0,1,0.0,1,0.0,1,0.0,1,0.0,1,0.0,1,0.0,1,0.0,1,0.0,1,0.0,1,0.0,1,0.0
02-cd42a2cea7ceae03cab7ed043e9e1f96,2,mpsl_timeslot_request,182,,,182,0.0,182,0.0,182,0.0,182,0.0,182,0.0,182,0.0,182,0.0,182,0.0,182,0.0,182,0.0,182,0.0,182,0.0,182,0.0
02-cd5d38a34b4a2ea5cbc25b4a5bee18d7,2,atoi,,,,,,,,,,,,,,,,,,,,8,,,,,,,,,
02-cd99509fe1cfec288a4f4a671e700c9b,2,mpsl_clock_hfclk_request,44,,,44,0.0,44,0.0,44,0.0,44,0.0,44,0.0,44,0.0,44,0.0,44,0.0,44,0.0,44,0.0,44,0.0,44,0.0,44,0.0
02-cdea42b9105c869936cd273eeb471b69,2,sdc_support_connection_subrating_central,,,,,,,,,,40,,,,,,,,,,,,,,,,,,,
02-ceabf109d5223b99b33314259b9c7abb,2,ocrypto_sha256_init,,,,,,,,,,,,,,,,,,,,84,,,,,,,,,
02-cf397e45a526062d48bc03ff694759a6,2,sdc_hci_cmd_le_set_resolvable_private_address_timeout,4,,,4,0.0,4,0.0,4,0.0,4,0.0,4,0.0,4,0.0,4,0.0,4,0.0,4,0.0,4,0.0,4,0.0,4,0.0,4,0.0
02-d0607ed01e74039b33ea207cf1ef0c82,2,shell_bt_nus_transport_api,,,,,,,,,,,,,,,,,,,,,,,,,,24,,24,0
02-d0f2f1b822b94d0ab7d885610594c63a,2,sdc_hci_cmd_le_create_conn_cancel,4,,,4,0.0,4,0.0,4,0.0,4,0.0,4,0.0,4,0.0,4,0.0,4,0.0,4,0.0,4,0.0,4,0.0,4,0.0,4,0.0
02-d2197be4ef10d45698bc4c321ac4ebea,2,att_handle_read_group_rsp,4,4,0.0,4,0.0,4,0.0,4,0.0,4,0.0,4,0.0,4,0.0,4,0.0,4,0.0,4,0.0,4,0.0,4,0.0,4,0.0,4,0.0
02-d26c988cbe9e4172a48e3af8faa05eca,2,mul_reduce,,,,,,,,,,,,,,,,,,,,184,,,,,,,,,
02-d2a973e4336f5cfd7e05238c22267b7f,2,state_string.0,,,,,,,,,,,,,,,,,,,,,,,,,,64,,64,0
02-d34f4bb2ff174ebb4c0de3f2a5ffd3dc,2,ocrypto_aes_slice,,,,,,,,,,,,,,,,,,,,170,,,,,,,,,
02-d3baf36213d9be20b87c0bbb61f70211,2,ocrypto_curve_p256_scalarmult,,,,,,,,,,,,,,,,,,,,364,,,,,,,,,
02-d3f32b9e3c5b79e3df751a5669cea100,2,sdc_hci_cmd_le_set_phy,4,,,4,0.0,4,0.0,4,0.0,4,0.0,4,0.0,4,0.0,4,0.0,4,0.0,4,0.0,4,0.0,4,0.0,4,0.0,4,0.0
02-d436eb0fd9de10b54a828ce6435f7e81,2,include,1596,1650,3.38,1596,0.0,1704,6.77,1704,6.77,1596,0.0,1596,0.0,1596,0.0,1572,-1.5,1596,0.0,1790,12.16,1596,0.0,1572,-1.5,1640,2.76,1640,2.76
02-d599c52746e99c6568daa0b1d1fffdd2,2,levels.0,24,24,0.0,24,0.0,24,0.0,24,0.0,24,0.0,24,0.0,24,0.0,24,0.0,24,0.0,24,0.0,24,0.0,24,0.0,24,0.0,24,0.0
02-d59d9202487733ae0cf23af19d54cf7f,2,bt_addr_le_any,7,7,0.0,7,0.0,7,0.0,7,0.0,7,0.0,7,0.0,7,0.0,7,0.0,7,0.0,7,0.0,7,0.0,7,0.0,7,0.0,7,0.0
02-d6194c68fcc7e79bb57401be603cb1cc,2,arch,3312,3336,0.72,3312,0.0,3312,0.0,3312,0.0,3312,0.0,3312,0.0,3312,0.0,3312,0.0,3312,0.0,3312,0.0,3312,0.0,3312,0.0,3318,0.18,3318,0.18
02-d70efbaa31c0a51d4fd5b2eabe622a51,2,sdc_hci_cmd_le_set_random_address,4,,,4,0.0,4,0.0,4,0.0,4,0.0,4,0.0,4,0.0,4,0.0,4,0.0,4,0.0,4,0.0,4,0.0,4,0.0,4,0.0
02-d8812829e89f59083522afd6a2e36e32,2,mpsl_fem_init,14,,,14,0.0,14,0.0,14,0.0,14,0.0,14,0.0,14,0.0,14,0.0,14,0.0,14,0.0,14,0.0,14,0.0,14,0.0,14,0.0
02-d88cd213861ed6421c65841483f85c2f,2,addr.0,,,,,,,,,,,,,,,,,,,,7,,,,,,,,,
02-d894ab5b1aa1ff87695a6f46024bc328,2,sdc_hci_cmd_cb_read_transmit_power_level,4,,,4,0.0,4,0.0,4,0.0,4,0.0,4,0.0,4,0.0,4,0.0,4,0.0,4,0.0,4,0.0,4,0.0,4,0.0,4,0.0
02-d89d9f270b219f5a792bdf88ed8b8999,2,sdc_hci_cmd_le_set_address_resolution_enable,4,,,4,0.0,4,0.0,4,0.0,4,0.0,4,0.0,4,0.0,4,0.0,4,0.0,4,0.0,4,0.0,4,0.0,4,0.0,4,0.0
02-d91736f216bc4556e5d4f1bf4fe9fdd9,2,sdc_hci_cmd_le_cs_read_local_supported_capabilities,,,,,,,,,,,,4,,,,,,,,,,,,,,,,,
02-dac908d149f1f60f9d573cbf837037b6,2,sdc_hci_cmd_cb_write_authenticated_payload_timeout,4,,,4,0.0,4,0.0,4,0.0,4,0.0,4,0.0,4,0.0,4,0.0,4,0.0,4,0.0,4,0.0,4,0.0,4,0.0,4,0.0
02-daff8b41793ecc4f91ba2911b8d0377c,2,mpsl_cx_granted_ops_get,12,,,,,12,0.0,,,12,0.0,12,0.0,12,0.0,12,0.0,12,0.0,12,0.0,12,0.0,12,0.0,12,0.0,12,0.0
02-db7c998204c31b747319f23aabef45f1,2,mpsl_fem_disable,12,,,12,0.0,12,0.0,12,0.0,12,0.0,12,0.0,12,0.0,12,0.0,12,0.0,12,0.0,12,0.0,12,0.0,12,0.0,12,0.0
02-dc46df748e7b0eb8da1d6cff089ebb09,2,snprintf,88,88,0.0,88,0.0,88,0.0,88,0.0,88,0.0,88,0.0,88,0.0,88,0.0,88,0.0,88,0.0,88,0.0,88,0.0,88,0.0,88,0.0
02-df0893220c993ffbeb28b75726e081f7,2,nrf,32787,28241,-13.87,32735,-0.16,32787,0.0,32735,-0.16,33055,0.82,33103,0.96,32787,0.0,32855,0.21,32787,0.0,46002,40.31,32787,0.0,32855,0.21,33741,2.91,33741,2.91
02-df25453e0e4cf059a75512a00220a87d,2,salt.0,16,16,0.0,16,0.0,16,0.0,16,0.0,16,0.0,16,0.0,16,0.0,16,0.0,16,0.0,16,0.0,16,0.0,16,0.0,16,0.0,16,0.0
02-dffef8c5c84dbb62653a82abf81e6beb,2,MPSL_IRQ_RTC0_Handler,24,,,24,0.0,24,0.0,24,0.0,24,0.0,24,0.0,24,0.0,24,0.0,24,0.0,24,0.0,24,0.0,24,0.0,24,0.0,24,0.0
02-e0637335fe10794739dca787873fe40b,2,bt_addr_le_none,,,,,,,,,,,,,,,,,,,,7,,,,,,,,,
02-e23efbcab2ac4a10f27bbc1077827880,2,param_b,,,,,,,,,,,,,,,,,,,,32,,,,,,,,,
02-e36d737fa4a8cf5074e86f88db7e649d,2,sdc_hci_cmd_le_read_buffer_size,4,,,4,0.0,4,0.0,4,0.0,4,0.0,4,0.0,4,0.0,4,0.0,4,0.0,4,0.0,4,0.0,4,0.0,4,0.0,4,0.0
02-e3cece7122bd20a217917fb1e4198b27,2,sdc_hci_cmd_le_subrate_request,,,,,,,,,,4,,,,,,,,,,,,,,,,,,,
02-e3de8bfda49cb34f755453b77dc7359a,2,sdc_hci_cmd_le_encrypt,4,,,4,0.0,4,0.0,4,0.0,4,0.0,4,0.0,4,0.0,4,0.0,4,0.0,4,0.0,4,0.0,4,0.0,4,0.0,4,0.0
02-e43ba0f48394441ab7ea863d6da2fcbd,2,mpsl_dppi_fixed_channels_clear,36,,,36,0.0,36,0.0,36,0.0,36,0.0,36,0.0,36,0.0,36,0.0,36,0.0,36,0.0,36,0.0,36,0.0,36,0.0,36,0.0
02-e60f2458e0d7de06f2746de300c95fe8,2,att_handle_read_mult_rsp,4,4,0.0,4,0.0,4,0.0,4,0.0,4,0.0,4,0.0,4,0.0,4,0.0,4,0.0,4,0.0,4,0.0,4,0.0,4,0.0,4,0.0
02-e8261dfe87b8844074ad85429056370a,2,sdc_support_dle_central,28,,,28,0.0,28,0.0,28,0.0,28,0.0,28,0.0,28,0.0,28,0.0,28,0.0,28,0.0,28,0.0,28,0.0,28,0.0,28,0.0
02-e8acc63b1e238f3255c900eed37254b8,2,lib,5598,6038,7.86,5590,-0.14,5590,-0.14,5590,-0.14,5590,-0.14,5590,-0.14,5598,0.0,5590,-0.14,5590,-0.14,5688,1.61,5590,-0.14,5590,-0.14,7082,26.51,7082,26.51
02-e9790f600363be0f8f0a72bf939d18e2,2,sdc_hci_cmd_vs_qos_conn_event_report_enable,12,,,12,0.0,12,0.0,12,0.0,12,0.0,12,0.0,12,0.0,12,0.0,12,0.0,12,0.0,12,0.0,12,0.0,12,0.0,12,0.0
02-ea622b2a73fe97e833d1c5ab1fe75ee7,2,att_handle_write_rsp,4,4,0.0,4,0.0,4,0.0,4,0.0,4,0.0,4,0.0,4,0.0,4,0.0,4,0.0,4,0.0,4,0.0,4,0.0,4,0.0,4,0.0
02-eb6f5521617ef5229d5f07865b8ace94,2,MPSL_IRQ_TIMER0_Handler,20,,,20,0.0,20,0.0,20,0.0,20,0.0,20,0.0,20,0.0,20,0.0,20,0.0,20,0.0,20,0.0,20,0.0,20,0.0,20,0.0
02-ed44d9757d23672067bed75a430410d4,2,__aeabi_dmul,,,,,,,,,,,,,,,,,,,,596,,,,,,,,,
02-ed783acc0af2235151b7bf04c87d5b8a,2,__aeabi_memcpy4,,,,,,,,26,,,,,,26,0,26,0,,,26,0,,,,,26,0,26,0
02-ed936896233620bbef288705cca2fc9c,2,mpsl_timeslot_session_count_set,70,,,70,0.0,70,0.0,70,0.0,70,0.0,70,0.0,70,0.0,70,0.0,70,0.0,70,0.0,70,0.0,70,0.0,70,0.0,70,0.0
02-ee5fe10904086488b93783648af4b107,2,cracen_initialized.0,4,4,0.0,4,0.0,4,0.0,4,0.0,4,0.0,4,0.0,4,0.0,4,0.0,4,0.0,4,0.0,4,0.0,4,0.0,4,0.0,4,0.0
02-ef8dd57669f1fb0e7fcf22f2f8ca0d47,2,opterr,,,,,,,,,,,,,,,,,,,,,,,,,,4,,4,0
02-efb6d2c493d180fb66588b5f6138a1e0,2,pdu_validate_phy_req,,14,,,,,,,,,,,,,,,,,,,,,,,,,,,
02-efcd5df1d485cb0a428e9ff99c7cf5bc,2,mpsl_cx_request,12,,,,,12,0.0,,,12,0.0,12,0.0,12,0.0,12,0.0,12,0.0,12,0.0,12,0.0,12,0.0,12,0.0,12,0.0
02-f1ab11887e0dae965edda2003c9b6ae6,2,sdc_support_peripheral,,,,,,,,,,,,,,,,,,,,40,,,,,,,,,
02-f20a80871df42f2f314d39505605bdfd,2,att_handle_prepare_write_rsp,4,4,0.0,4,0.0,4,0.0,4,0.0,4,0.0,4,0.0,4,0.0,4,0.0,4,0.0,4,0.0,4,0.0,4,0.0,4,0.0,4,0.0
02-f24f62eeb789199b9b2e467df3b1876b,2,exit,28,28,0.0,28,0.0,28,0.0,28,0.0,28,0.0,28,0.0,28,0.0,28,0.0,28,0.0,28,0.0,28,0.0,28,0.0,28,0.0,28,0.0
02-f2e195dc7a14f89f31c36187ecba3710,2,mfy.1,,16,,,,,,,,,,,,,,,,,,,,,,,,,,,
02-f41bc883bfb28da6965314aa59a5f14a,2,mpsl_cx_release,12,,,,,12,0.0,,,12,0.0,12,0.0,12,0.0,12,0.0,12,0.0,12,0.0,12,0.0,12,0.0,12,0.0,12,0.0
02-f43575f29d8ef0d975e7efbd977d6572,2,sdc_hci_cmd_le_cs_remove_config,,,,,,,,,,,,4,,,,,,,,,,,,,,,,,
02-f4ad0b857c28b50f09fd976cb19e2026,2,pdu_validate_pause_enc_rsp,,14,,,,,,,,,,,,,,,,,,,,,,,,,,,
02-f577f6ffd4f764d0e2493f4888c5ab92,2,sdc_hci_cmd_le_remove_device_from_filter_accept_list,4,,,4,0.0,4,0.0,4,0.0,4,0.0,4,0.0,4,0.0,4,0.0,4,0.0,4,0.0,4,0.0,4,0.0,4,0.0,4,0.0
02-f657a2d70ff0fa1ccf78c3a699fc6262,2,__device_dts_ord_117,20,20,0.0,20,0.0,20,0.0,20,0.0,20,0.0,20,0.0,20,0.0,20,0.0,20,0.0,20,0.0,20,0.0,20,0.0,24,20.0,24,20.0
02-f6ee4bedf6eb08761afb47364ec1f540,2,cmd_sep.0,,,,,,,,,,,,,,,,,,,,,,,,,,4,,4,0
02-f93956a45370803544826a6dec09a7bf,2,sdc_hci_cmd_cb_set_event_mask_page_2,10,,,10,0.0,10,0.0,10,0.0,10,0.0,10,0.0,10,0.0,10,0.0,10,0.0,10,0.0,10,0.0,10,0.0,10,0.0,10,0.0
02-f94b7dcef68abddb5f5207d7f09092ed,2,flags.0,,,,,,,,,,,,,,,,,,,,1,,,,,,,,,
02-f95041ea2980b71162eec9a9a3bd2d10,2,sdc_hci_cmd_le_set_scan_params,4,,,4,0.0,4,0.0,4,0.0,4,0.0,4,0.0,4,0.0,4,0.0,4,0.0,4,0.0,4,0.0,4,0.0,4,0.0,4,0.0
02-fa557c79fec4ff1bb618b71f82bc2290,2,sdc_hci_cmd_le_set_privacy_mode,4,,,4,0.0,4,0.0,4,0.0,4,0.0,4,0.0,4,0.0,4,0.0,4,0.0,4,0.0,4,0.0,4,0.0,4,0.0,4,0.0
02-fc3eebaed2cb0cda8e1f0fa7154015cc,2,sdc_enable,96,,,96,0.0,96,0.0,96,0.0,96,0.0,96,0.0,96,0.0,96,0.0,96,0.0,96,0.0,96,0.0,96,0.0,96,0.0,96,0.0
02-fcbd1b6fa454a0157d7a654570d48fae,2,m.8,,16,,,,,,,,,,,,,,,,,,,,,,,,,,,
02-fd64022a310a05e27ce53b4129058140,2,ocrypto_mod_p256_mul,,,,,,,,,,,,,,,,,,,,48,,,,,,,,,
02-fe69fd0a878b10d190c924b2398bad9c,2,drivers,8783,8887,1.18,8783,0.0,8783,0.0,8783,0.0,8783,0.0,8783,0.0,8765,-0.2,8783,0.0,8783,0.0,8783,0.0,8783,0.0,8783,0.0,9461,7.72,9461,7.72
02-ff02fe4efedb9216ae16fb00240807db,2,mpsl_fem_lna_configuration_set,12,,,12,0.0,12,0.0,12,0.0,12,0.0,12,0.0,12,0.0,12,0.0,12,0.0,12,0.0,12,0.0,12,0.0,12,0.0,12,0.0
03-020a8cfa922969a0b9035333f45988c3,3,ncs,2284,2284,0.0,2284,0.0,2296,0.53,2296,0.53,2288,0.18,2284,0.0,2284,0.0,2284,0.0,2284,0.0,2288,0.18,2284,0.0,2284,0.0,2284,0.0,2284,0.0
03-071c0719c67955bb75a799d3fae5d0c2,3,isr_tables.c,1084,1084,0.0,1084,0.0,1084,0.0,1084,0.0,1084,0.0,1084,0.0,1084,0.0,1084,0.0,1084,0.0,1084,0.0,1084,0.0,1084,0.0,1084,0.0,1084,0.0
03-0800fc577294c34e0b28ad2839435945,3,hash,128,128,0.0,128,0.0,128,0.0,128,0.0,128,0.0,128,0.0,128,0.0,128,0.0,128,0.0,128,0.0,128,0.0,128,0.0,128,0.0,128,0.0
03-08f2c7846e02f19ae7b28b995b34587c,3,hal_nordic,6,6,0.0,6,0.0,6,0.0,6,0.0,6,0.0,6,0.0,6,0.0,6,0.0,6,0.0,6,0.0,6,0.0,6,0.0,6,0.0,6,0.0
03-0b0760e072413088ea8460c3b4f43dbe,3,spi,2314,2314,0.0,2314,0.0,2314,0.0,2314,0.0,2314,0.0,2314,0.0,2314,0.0,2314,0.0,2314,0.0,2314,0.0,2314,0.0,2314,0.0,2326,0.52,2326,0.52
03-0fea6a13c52b4d4725368f24b045ca84,3,cache,24,24,0.0,24,0.0,24,0.0,24,0.0,24,0.0,24,0.0,24,0.0,24,0.0,24,0.0,24,0.0,24,0.0,24,0.0,24,0.0,24,0.0
03-1690758d260872877fc13335f50e5bb2,3,spinlock_validate.c,88,88,0.0,88,0.0,88,0.0,88,0.0,88,0.0,88,0.0,88,0.0,88,0.0,88,0.0,88,0.0,88,0.0,88,0.0,88,0.0,88,0.0
03-1a4ed29befb37b814e1adce39b64ef5a,3,kheap.c,484,484,0.0,484,0.0,484,0.0,484,0.0,484,0.0,484,0.0,484,0.0,484,0.0,484,0.0,484,0.0,484,0.0,484,0.0,484,0.0,484,0.0
03-1cb1159e7da1396bb694434a958c45ce,3,init.c,700,700,0.0,700,0.0,700,0.0,700,0.0,700,0.0,700,0.0,700,0.0,700,0.0,700,0.0,700,0.0,700,0.0,700,0.0,708,1.14,708,1.14
03-20a2fb1756e57575dd4d370cac1f07a7,3,condvar.c,212,212,0.0,212,0.0,212,0.0,212,0.0,212,0.0,212,0.0,212,0.0,212,0.0,212,0.0,212,0.0,212,0.0,212,0.0,212,0.0,212,0.0
03-213c7980207cea7201cff8d664caf150,3,clock_control,1258,1362,8.27,1258,0.0,1258,0.0,1258,0.0,1258,0.0,1258,0.0,1258,0.0,1258,0.0,1258,0.0,1258,0.0,1258,0.0,1258,0.0,1270,0.95,1270,0.95
03-220b2a9ccbd0bf6d61dd085da17c5380,3,work.c,3162,3162,0.0,3162,0.0,3162,0.0,3162,0.0,3162,0.0,3162,0.0,3162,0.0,3162,0.0,3162,0.0,3162,0.0,3162,0.0,3162,0.0,3162,0.0,3162,0.0
03-239d44f09ba4c853288f72de00e8538b,3,timeout.c,1368,1368,0.0,1368,0.0,1368,0.0,1368,0.0,1368,0.0,1368,0.0,1368,0.0,1368,0.0,1368,0.0,1368,0.0,1368,0.0,1368,0.0,1368,0.0,1368,0.0
03-2591c98b70119fe624898b1e424b5e91,3,shell,,,,,,,,,,,,,,,,,,,,,,,,,,14858,,14858,0
03-261ec5b4f78e6414af1f2102e74f4980,3,mutex.c,726,726,0.0,726,0.0,726,0.0,726,0.0,726,0.0,726,0.0,726,0.0,726,0.0,726,0.0,726,0.0,726,0.0,726,0.0,726,0.0,726,0.0
03-2b3583e6e17721c54496bd04e57a0c15,3,utils,1704,2048,20.19,1704,0.0,1704,0.0,1704,0.0,1704,0.0,1704,0.0,1704,0.0,1704,0.0,1704,0.0,1704,0.0,1704,0.0,1704,0.0,2086,22.42,2086,22.42
03-2c127bf32ccb4edf2bf22fea5a00e494,3,timer,444,444,0.0,444,0.0,444,0.0,444,0.0,444,0.0,444,0.0,426,-4.05,444,0.0,444,0.0,444,0.0,444,0.0,444,0.0,444,0.0,444,0.0
03-2e5d8aa3dfa8ef34ca5131d20f9dad51,3,settings,2288,2288,0.0,2288,0.0,2288,0.0,2288,0.0,2288,0.0,2288,0.0,2288,0.0,2288,0.0,2288,0.0,2288,0.0,2288,0.0,2288,0.0,2288,0.0,2288,0.0
03-2eb9a102efc2c5e76b739c50b558b39a,3,xip.c,56,56,0.0,56,0.0,56,0.0,56,0.0,56,0.0,56,0.0,56,0.0,56,0.0,56,0.0,56,0.0,56,0.0,56,0.0,56,0.0,56,0.0
03-3110b5d7bb9b58e87a2bca02efc32142,3,thread_monitor.c,,,,,,,,,,,,,,,,,,,,,,,,,,336,,336,0
03-37a184204b9448f00fb83003d8a6cc69,3,entropy,84,84,0.0,84,0.0,84,0.0,84,0.0,84,0.0,84,0.0,84,0.0,84,0.0,84,0.0,84,0.0,84,0.0,84,0.0,108,28.57,108,28.57
03-3fedd55aa249fcb8886ab4476d5a5df4,3,events.c,498,498,0.0,498,0.0,498,0.0,498,0.0,498,0.0,498,0.0,498,0.0,498,0.0,498,0.0,498,0.0,498,0.0,498,0.0,498,0.0,498,0.0
03-4d4a9aa362b6ffe089fd2e992ccf4f5f,3,heap,1578,1578,0.0,1578,0.0,1578,0.0,1578,0.0,1578,0.0,1578,0.0,1578,0.0,1578,0.0,1578,0.0,1578,0.0,1578,0.0,1578,0.0,1578,0.0,1578,0.0
03-4fb69dc1bf667cfbc2b05dc5fd51e674,3,thread.c,330,330,0.0,330,0.0,330,0.0,330,0.0,330,0.0,330,0.0,330,0.0,330,0.0,330,0.0,362,9.7,330,0.0,330,0.0,674,104.24,674,104.24
03-5ae9b7f211e23aac3df5f2b8f3b8eada,3,crypto,6000,6000,0.0,6000,0.0,6000,0.0,6000,0.0,6000,0.0,6000,0.0,6000,0.0,6008,0.13,6000,0.0,6000,0.0,6000,0.0,6000,0.0,6000,0.0,6000,0.0
03-6406e0607655451a77bcf0a54c3d637c,3,pinctrl,383,383,0.0,383,0.0,383,0.0,383,0.0,383,0.0,383,0.0,383,0.0,383,0.0,383,0.0,383,0.0,383,0.0,383,0.0,383,0.0,383,0.0
03-6c90e8978ae0cba686caef23f41ebb71,3,mem_mgmt,12,12,0.0,12,0.0,12,0.0,12,0.0,12,0.0,12,0.0,12,0.0,12,0.0,12,0.0,12,0.0,12,0.0,12,0.0,12,0.0,12,0.0
03-74136b24217cb75599440e6e1d807cf7,3,serial,536,536,0.0,536,0.0,536,0.0,536,0.0,536,0.0,536,0.0,536,0.0,536,0.0,536,0.0,536,0.0,536,0.0,536,0.0,1106,106.34,1106,106.34
03-75cd9b613b8633e4c20e9b5020da2011,3,timer.c,,,,,,,,,,,,,,,,,,,,,,,,,,56,,56,0
03-779f8a3a8c60f325a2171a2653d27f6e,3,zephyr,1596,1650,3.38,1596,0.0,1704,6.77,1704,6.77,1596,0.0,1596,0.0,1596,0.0,1572,-1.5,1596,0.0,1790,12.16,1596,0.0,1572,-1.5,1640,2.76,1640,2.76
03-7abb446738b4dfa1b0d7734371b8946e,3,net_buf,1760,1856,5.45,1752,-0.45,1752,-0.45,1752,-0.45,1752,-0.45,1752,-0.45,1760,0.0,1752,-0.45,1752,-0.45,1850,5.11,1752,-0.45,1752,-0.45,1752,-0.45,1752,-0.45
03-7bca95052a036e1dc82f07529fd2b44d,3,idle.c,64,64,0.0,64,0.0,64,0.0,64,0.0,64,0.0,64,0.0,64,0.0,64,0.0,64,0.0,64,0.0,64,0.0,64,0.0,64,0.0,64,0.0
03-7ddf32e17a6ac5ce04a8ecbf782ca509,3,random,32,32,0.0,32,0.0,32,0.0,32,0.0,32,0.0,32,0.0,32,0.0,32,0.0,32,0.0,124,287.5,32,0.0,32,0.0,32,0.0,32,0.0
03-7dfd0916e87aaa90a45bf1ec3391e970,3,subsys,30795,27077,-12.07,30743,-0.17,30795,0.0,30743,-0.17,31063,0.87,31111,1.03,30795,0.0,30863,0.22,30795,0.0,44010,42.91,30795,0.0,30863,0.22,31749,3.1,31749,3.1
03-820f20aaff1a08fa09ed2471da8e8e10,3,sem.c,572,572,0.0,572,0.0,572,0.0,572,0.0,572,0.0,572,0.0,572,0.0,572,0.0,572,0.0,572,0.0,572,0.0,572,0.0,572,0.0,572,0.0
03-950616e5405e4ef51a87d384180e7aa1,3,posix,,,,,,,,,,,,,,,,,,,,,,,,,,1006,,1006,0
03-955871c9778abe2297251e689899dcdc,3,gpio,1166,1166,0.0,1166,0.0,1166,0.0,1166,0.0,1166,0.0,1166,0.0,1166,0.0,1166,0.0,1166,0.0,1166,0.0,1166,0.0,1166,0.0,1202,3.09,1202,3.09
03-9abfc3fa0a586782b875ee02ad45dcd8,3,bluetooth,53359,112237,110.34,53367,0.01,54195,1.57,54195,1.57,53803,0.83,53367,0.01,53359,0.0,54697,2.51,53475,0.22,58935,10.45,53367,0.01,55199,3.45,54121,1.43,54121,1.43
03-a39401275d1b300aa789fb22aea4148a,3,flash,2486,2486,0.0,2486,0.0,2486,0.0,2486,0.0,2486,0.0,2486,0.0,2486,0.0,2486,0.0,2486,0.0,2486,0.0,2486,0.0,2486,0.0,2510,0.97,2510,0.97
03-a5618994268beaa9fba3b5fc78562a8b,3,queue.c,616,784,27.27,616,0.0,616,0.0,616,0.0,616,0.0,616,0.0,616,0.0,616,0.0,616,0.0,616,0.0,616,0.0,616,0.0,616,0.0,616,0.0
03-a7f3eb49d6fb4ccbbe593eb48c2bd096,3,device.c,74,74,0.0,74,0.0,74,0.0,74,0.0,74,0.0,74,0.0,74,0.0,74,0.0,74,0.0,74,0.0,74,0.0,74,0.0,98,32.43,98,32.43
03-a94562fb46c3ca23d4dd8798cc3464cf,3,nordic,268,268,0.0,268,0.0,268,0.0,268,0.0,268,0.0,268,0.0,268,0.0,268,0.0,268,0.0,268,0.0,268,0.0,268,0.0,268,0.0,268,0.0
03-ad8a2265fa17b7808fca5ae77cada94f,3,logging,214,26,-87.85,214,0.0,214,0.0,214,0.0,214,0.0,214,0.0,214,0.0,214,0.0,214,0.0,214,0.0,214,0.0,214,0.0,214,0.0,214,0.0
03-bc7b36fe4d2924e49800d9b3dc4a325c,3,fs,3682,3682,0.0,3682,0.0,3682,0.0,3682,0.0,3682,0.0,3682,0.0,3682,0.0,3682,0.0,3682,0.0,3682,0.0,3682,0.0,3682,0.0,3682,0.0,3682,0.0
03-bc957e26ff41470c556ee5d09e96880b,3,misc,2,2,0.0,2,0.0,2,0.0,2,0.0,2,0.0,2,0.0,2,0.0,2,0.0,2,0.0,2,0.0,2,0.0,2,0.0,2,0.0,2,0.0
03-bda16fa0e64e7aad8ddd86b71b0c308c,3,system_work_q.c,60,60,0.0,60,0.0,60,0.0,60,0.0,60,0.0,60,0.0,60,0.0,60,0.0,60,0.0,60,0.0,60,0.0,60,0.0,60,0.0,60,0.0
03-bfafd813d7ea65ee4db1f09d7c8ffbf4,3,console,88,88,0.0,88,0.0,88,0.0,88,0.0,88,0.0,88,0.0,88,0.0,88,0.0,88,0.0,88,0.0,88,0.0,88,0.0,88,0.0,88,0.0
03-c4de0655302956f48d32155b4d80f44d,3,busy_wait.c,8,8,0.0,8,0.0,8,0.0,8,0.0,8,0.0,8,0.0,8,0.0,8,0.0,8,0.0,8,0.0,8,0.0,8,0.0,8,0.0,8,0.0
03-c80a73b78d3d460ce9f1d222a87714b0,3,poll.c,416,416,0.0,416,0.0,416,0.0,416,0.0,416,0.0,416,0.0,416,0.0,416,0.0,416,0.0,416,0.0,416,0.0,416,0.0,1658,298.56,1658,298.56
03-cde9e8dec3ca8de88aa6cf61c1c0252c,3,hal,7659,8523,11.28,7659,0.0,7659,0.0,7659,0.0,7659,0.0,7659,0.0,7659,0.0,7659,0.0,7659,0.0,7659,0.0,7659,0.0,7659,0.0,7659,0.0,7659,0.0
03-d436eb0fd9de10b54a828ce6435f7e81,3,include,56,36,-35.71,56,0.0,56,0.0,56,0.0,56,0.0,56,0.0,56,0.0,56,0.0,56,0.0,56,0.0,56,0.0,56,0.0,56,0.0,56,0.0
03-da1fe2b4f26525ab43e1476ed51c23d8,3,sched.c,3562,3562,0.0,3562,0.0,3562,0.0,3562,0.0,3562,0.0,3562,0.0,3562,0.0,3562,0.0,3562,0.0,3562,0.0,3562,0.0,3562,0.0,3686,3.48,3686,3.48
03-dbdec1f2df92b57fa3cef80445426a24,3,fatal.c,184,184,0.0,184,0.0,184,0.0,184,0.0,184,0.0,184,0.0,184,0.0,184,0.0,184,0.0,184,0.0,184,0.0,184,0.0,184,0.0,184,0.0
03-dd302f94682dbd2a114d63b0433602e0,3,os,210,210,0.0,210,0.0,210,0.0,210,0.0,210,0.0,210,0.0,210,0.0,210,0.0,210,0.0,210,0.0,210,0.0,210,0.0,246,17.14,246,17.14
03-ddecebdea58b5f264d27f1f7909bab74,3,storage,248,248,0.0,248,0.0,248,0.0,248,0.0,248,0.0,248,0.0,248,0.0,248,0.0,248,0.0,290,16.94,248,0.0,248,0.0,248,0.0,248,0.0
03-e5823ba08cf6f8acc6662017ec572078,3,libc,158,158,0.0,158,0.0,158,0.0,158,0.0,158,0.0,158,0.0,158,0.0,158,0.0,158,0.0,158,0.0,158,0.0,158,0.0,226,43.04,226,43.04
03-e8acc63b1e238f3255c900eed37254b8,3,lib,1212,1164,-3.96,1212,0.0,1212,0.0,1212,0.0,1212,0.0,1212,0.0,1212,0.0,1212,0.0,1212,0.0,1212,0.0,1212,0.0,1212,0.0,1212,0.0,1212,0.0
03-f1f3a153101f852d1c4ec66f6e755471,3,mem_slab.c,648,648,0.0,648,0.0,648,0.0,648,0.0,648,0.0,648,0.0,648,0.0,648,0.0,648,0.0,648,0.0,648,0.0,648,0.0,648,0.0,648,0.0
03-f3474cdd6a817f1ae88af8b1ea224b15,3,mempool.c,288,288,0.0,288,0.0,288,0.0,288,0.0,288,0.0,288,0.0,288,0.0,288,0.0,288,0.0,288,0.0,288,0.0,288,0.0,288,0.0,288,0.0
03-f5ad59c5401fea3f2df0703d958fdc97,3,crc,60,60,0.0,60,0.0,60,0.0,60,0.0,60,0.0,60,0.0,60,0.0,60,0.0,60,0.0,60,0.0,60,0.0,60,0.0,60,0.0,60,0.0
03-f843a7390a4012d214747466b1f97def,3,timeslicing.c,388,388,0.0,388,0.0,388,0.0,388,0.0,388,0.0,388,0.0,388,0.0,388,0.0,388,0.0,388,0.0,388,0.0,388,0.0,388,0.0,388,0.0
03-f926b3e222d7afee57071b2256839701,3,arm,3312,3336,0.72,3312,0.0,3312,0.0,3312,0.0,3312,0.0,3312,0.0,3312,0.0,3312,0.0,3312,0.0,3312,0.0,3312,0.0,3312,0.0,3318,0.18,3318,0.18
03-fe69fd0a878b10d190c924b2398bad9c,3,drivers,724,,,724,0.0,724,0.0,724,0.0,724,0.0,724,0.0,724,0.0,724,0.0,724,0.0,724,0.0,724,0.0,724,0.0,724,0.0,724,0.0
03-ff154c0ad97c0dfa9c535e0c3c3f381f,3,init_static.c,2,2,0.0,2,0.0,2,0.0,2,0.0,2,0.0,2,0.0,2,0.0,2,0.0,2,0.0,2,0.0,2,0.0,2,0.0,2,0.0,2,0.0
